trial,epsilon,T_env,recall,leakage,selectivity,N,cluster_sizes,p_in,p_out,eps_values,t_end,n_trials,seed,bootstrap_B
0,0.0,0.1,0.2666666666666578,0.6666666666666446,0.39999999999999986,150,"(50, 50, 50)",0.3,0.02,"(0.0, 0.5, 1.0, 2.0, 3.0, 4.0, 5.0, 8.0)",100.0,100,1,5000
0,0.5,0.1,0.337457760043107,0.5724918454814184,0.5894542650809862,150,"(50, 50, 50)",0.3,0.02,"(0.0, 0.5, 1.0, 2.0, 3.0, 4.0, 5.0, 8.0)",100.0,100,1,5000
0,1.0,0.1,0.39842503537946683,0.5355038866560485,0.7440189423599333,150,"(50, 50, 50)",0.3,0.02,"(0.0, 0.5, 1.0, 2.0, 3.0, 4.0, 5.0, 8.0)",100.0,100,1,5000
0,2.0,0.1,0.48961450612174895,0.48327294874795884,1.0131221029238644,150,"(50, 50, 50)",0.3,0.02,"(0.0, 0.5, 1.0, 2.0, 3.0, 4.0, 5.0, 8.0)",100.0,100,1,5000
0,3.0,0.1,0.5836355854525476,0.4059293918101464,1.4377761187726819,150,"(50, 50, 50)",0.3,0.02,"(0.0, 0.5, 1.0, 2.0, 3.0, 4.0, 5.0, 8.0)",100.0,100,1,5000
0,4.0,0.1,0.6369688136602113,0.3594134490997222,1.7722453493482906,150,"(50, 50, 50)",0.3,0.02,"(0.0, 0.5, 1.0, 2.0, 3.0, 4.0, 5.0, 8.0)",100.0,100,1,5000
0,5.0,0.1,0.6678743905736517,0.3309456407499124,2.0180788272668266,150,"(50, 50, 50)",0.3,0.02,"(0.0, 0.5, 1.0, 2.0, 3.0, 4.0, 5.0, 8.0)",100.0,100,1,5000
0,8.0,0.1,0.6969129816783655,0.30304464270125797,2.299704015442318,150,"(50, 50, 50)",0.3,0.02,"(0.0, 0.5, 1.0, 2.0, 3.0, 4.0, 5.0, 8.0)",100.0,100,1,5000
1,0.0,0.1,0.26666666666666994,0.666666666666675,0.3999999999999999,150,"(50, 50, 50)",0.3,0.02,"(0.0, 0.5, 1.0, 2.0, 3.0, 4.0, 5.0, 8.0)",100.0,100,1,5000
1,0.5,0.1,0.3262760709704752,0.6342868577307121,0.51439828366899,150,"(50, 50, 50)",0.3,0.02,"(0.0, 0.5, 1.0, 2.0, 3.0, 4.0, 5.0, 8.0)",100.0,100,1,5000
1,1.0,0.1,0.29872838357463904,0.6597333022437364,0.45280173451707123,150,"(50, 50, 50)",0.3,0.02,"(0.0, 0.5, 1.0, 2.0, 3.0, 4.0, 5.0, 8.0)",100.0,100,1,5000
1,2.0,0.1,0.26671037435376643,0.6867194524123849,0.38838331055984565,150,"(50, 50, 50)",0.3,0.02,"(0.0, 0.5, 1.0, 2.0, 3.0, 4.0, 5.0, 8.0)",100.0,100,1,5000
1,3.0,0.1,0.3754875535809594,0.5606409298747609,0.6697469513416331,150,"(50, 50, 50)",0.3,0.02,"(0.0, 0.5, 1.0, 2.0, 3.0, 4.0, 5.0, 8.0)",100.0,100,1,5000
1,4.0,0.1,0.45256301222743434,0.48389649173902255,0.935247558007742,150,"(50, 50, 50)",0.3,0.02,"(0.0, 0.5, 1.0, 2.0, 3.0, 4.0, 5.0, 8.0)",100.0,100,1,5000
1,5.0,0.1,0.534066060076234,0.4098543250588628,1.3030631310271816,150,"(50, 50, 50)",0.3,0.02,"(0.0, 0.5, 1.0, 2.0, 3.0, 4.0, 5.0, 8.0)",100.0,100,1,5000
1,8.0,0.1,0.7144908446605045,0.26017023164853775,2.7462436426074506,150,"(50, 50, 50)",0.3,0.02,"(0.0, 0.5, 1.0, 2.0, 3.0, 4.0, 5.0, 8.0)",100.0,100,1,5000
2,0.0,0.1,0.26666666666666605,0.666666666666665,0.4000000000000001,150,"(50, 50, 50)",0.3,0.02,"(0.0, 0.5, 1.0, 2.0, 3.0, 4.0, 5.0, 8.0)",100.0,100,1,5000
2,0.5,0.1,0.3283862136434853,0.5779397831458688,0.5682014341632585,150,"(50, 50, 50)",0.3,0.02,"(0.0, 0.5, 1.0, 2.0, 3.0, 4.0, 5.0, 8.0)",100.0,100,1,5000
2,1.0,0.1,0.31584111171111734,0.5708325484198564,0.5532990586913961,150,"(50, 50, 50)",0.3,0.02,"(0.0, 0.5, 1.0, 2.0, 3.0, 4.0, 5.0, 8.0)",100.0,100,1,5000
2,2.0,0.1,0.5381645237581738,0.2897379629112387,1.857418055786637,150,"(50, 50, 50)",0.3,0.02,"(0.0, 0.5, 1.0, 2.0, 3.0, 4.0, 5.0, 8.0)",100.0,100,1,5000
2,3.0,0.1,0.6640853395889873,0.16909754571118873,3.927232277653611,150,"(50, 50, 50)",0.3,0.02,"(0.0, 0.5, 1.0, 2.0, 3.0, 4.0, 5.0, 8.0)",100.0,100,1,5000
2,4.0,0.1,0.7288997406312655,0.1167404056370618,6.243765700946479,150,"(50, 50, 50)",0.3,0.02,"(0.0, 0.5, 1.0, 2.0, 3.0, 4.0, 5.0, 8.0)",100.0,100,1,5000
2,5.0,0.1,0.7605142124693441,0.09152104136165898,8.309719832230266,150,"(50, 50, 50)",0.3,0.02,"(0.0, 0.5, 1.0, 2.0, 3.0, 4.0, 5.0, 8.0)",100.0,100,1,5000
2,8.0,0.1,0.7376544388556354,0.07517489405210107,9.81251052172276,150,"(50, 50, 50)",0.3,0.02,"(0.0, 0.5, 1.0, 2.0, 3.0, 4.0, 5.0, 8.0)",100.0,100,1,5000
3,0.0,0.1,0.2666666666666697,0.6666666666666741,0.40000000000000013,150,"(50, 50, 50)",0.3,0.02,"(0.0, 0.5, 1.0, 2.0, 3.0, 4.0, 5.0, 8.0)",100.0,100,1,5000
3,0.5,0.1,0.20459252958431756,0.672082364547755,0.3044158579015655,150,"(50, 50, 50)",0.3,0.02,"(0.0, 0.5, 1.0, 2.0, 3.0, 4.0, 5.0, 8.0)",100.0,100,1,5000
3,1.0,0.1,0.18079488587420375,0.6999465244564721,0.2582981407252447,150,"(50, 50, 50)",0.3,0.02,"(0.0, 0.5, 1.0, 2.0, 3.0, 4.0, 5.0, 8.0)",100.0,100,1,5000
3,2.0,0.1,0.18885967886693972,0.7036761510141217,0.2683900521493581,150,"(50, 50, 50)",0.3,0.02,"(0.0, 0.5, 1.0, 2.0, 3.0, 4.0, 5.0, 8.0)",100.0,100,1,5000
3,3.0,0.1,0.18649407384424851,0.514264807341197,0.36264210807743674,150,"(50, 50, 50)",0.3,0.02,"(0.0, 0.5, 1.0, 2.0, 3.0, 4.0, 5.0, 8.0)",100.0,100,1,5000
3,4.0,0.1,0.17557112537457029,0.3348492945965304,0.5243287897205249,150,"(50, 50, 50)",0.3,0.02,"(0.0, 0.5, 1.0, 2.0, 3.0, 4.0, 5.0, 8.0)",100.0,100,1,5000
3,5.0,0.1,0.1866932558807994,0.23052754290300553,0.8098522785164574,150,"(50, 50, 50)",0.3,0.02,"(0.0, 0.5, 1.0, 2.0, 3.0, 4.0, 5.0, 8.0)",100.0,100,1,5000
3,8.0,0.1,0.24662869536173698,0.12033089577080605,2.0495874628199395,150,"(50, 50, 50)",0.3,0.02,"(0.0, 0.5, 1.0, 2.0, 3.0, 4.0, 5.0, 8.0)",100.0,100,1,5000
4,0.0,0.1,0.26666666666666594,0.6666666666666647,0.4000000000000001,150,"(50, 50, 50)",0.3,0.02,"(0.0, 0.5, 1.0, 2.0, 3.0, 4.0, 5.0, 8.0)",100.0,100,1,5000
4,0.5,0.1,0.29927926168327457,0.590602621317199,0.5067354103776296,150,"(50, 50, 50)",0.3,0.02,"(0.0, 0.5, 1.0, 2.0, 3.0, 4.0, 5.0, 8.0)",100.0,100,1,5000
4,1.0,0.1,0.3383552048731484,0.5808018987519183,0.582565596979345,150,"(50, 50, 50)",0.3,0.02,"(0.0, 0.5, 1.0, 2.0, 3.0, 4.0, 5.0, 8.0)",100.0,100,1,5000
4,2.0,0.1,0.43966146400604783,0.5181171204630232,0.8485754410376127,150,"(50, 50, 50)",0.3,0.02,"(0.0, 0.5, 1.0, 2.0, 3.0, 4.0, 5.0, 8.0)",100.0,100,1,5000
4,3.0,0.1,0.5773273479703231,0.3988953557284696,1.447315291289862,150,"(50, 50, 50)",0.3,0.02,"(0.0, 0.5, 1.0, 2.0, 3.0, 4.0, 5.0, 8.0)",100.0,100,1,5000
4,4.0,0.1,0.6077221128647279,0.3810796604586371,1.5947377305136725,150,"(50, 50, 50)",0.3,0.02,"(0.0, 0.5, 1.0, 2.0, 3.0, 4.0, 5.0, 8.0)",100.0,100,1,5000
4,5.0,0.1,0.6016932745315423,0.39331203171246326,1.5298115135501864,150,"(50, 50, 50)",0.3,0.02,"(0.0, 0.5, 1.0, 2.0, 3.0, 4.0, 5.0, 8.0)",100.0,100,1,5000
4,8.0,0.1,0.5790802735222319,0.42052050066149893,1.3770559880227262,150,"(50, 50, 50)",0.3,0.02,"(0.0, 0.5, 1.0, 2.0, 3.0, 4.0, 5.0, 8.0)",100.0,100,1,5000
5,0.0,0.1,0.26666666666666505,0.6666666666666624,0.40000000000000013,150,"(50, 50, 50)",0.3,0.02,"(0.0, 0.5, 1.0, 2.0, 3.0, 4.0, 5.0, 8.0)",100.0,100,1,5000
5,0.5,0.1,0.24770026157885186,0.7061107919153793,0.35079517890803796,150,"(50, 50, 50)",0.3,0.02,"(0.0, 0.5, 1.0, 2.0, 3.0, 4.0, 5.0, 8.0)",100.0,100,1,5000
5,1.0,0.1,0.28828798534830785,0.6762367452080744,0.4263122159379304,150,"(50, 50, 50)",0.3,0.02,"(0.0, 0.5, 1.0, 2.0, 3.0, 4.0, 5.0, 8.0)",100.0,100,1,5000
5,2.0,0.1,0.49773581241236364,0.4877719571051529,1.0204272819748486,150,"(50, 50, 50)",0.3,0.02,"(0.0, 0.5, 1.0, 2.0, 3.0, 4.0, 5.0, 8.0)",100.0,100,1,5000
5,3.0,0.1,0.6412929988347871,0.3528880017226534,1.8172706232693083,150,"(50, 50, 50)",0.3,0.02,"(0.0, 0.5, 1.0, 2.0, 3.0, 4.0, 5.0, 8.0)",100.0,100,1,5000
5,4.0,0.1,0.7169872394989475,0.28066127404390173,2.5546354478060076,150,"(50, 50, 50)",0.3,0.02,"(0.0, 0.5, 1.0, 2.0, 3.0, 4.0, 5.0, 8.0)",100.0,100,1,5000
5,5.0,0.1,0.7449326272914656,0.2541110699228006,2.931523713302917,150,"(50, 50, 50)",0.3,0.02,"(0.0, 0.5, 1.0, 2.0, 3.0, 4.0, 5.0, 8.0)",100.0,100,1,5000
5,8.0,0.1,0.7592365081331801,0.24069856850404728,3.1543042106642765,150,"(50, 50, 50)",0.3,0.02,"(0.0, 0.5, 1.0, 2.0, 3.0, 4.0, 5.0, 8.0)",100.0,100,1,5000
6,0.0,0.1,0.26666666666666056,0.6666666666666513,0.4000000000000001,150,"(50, 50, 50)",0.3,0.02,"(0.0, 0.5, 1.0, 2.0, 3.0, 4.0, 5.0, 8.0)",100.0,100,1,5000
6,0.5,0.1,0.252399589866,0.7429618424512038,0.33972079781819625,150,"(50, 50, 50)",0.3,0.02,"(0.0, 0.5, 1.0, 2.0, 3.0, 4.0, 5.0, 8.0)",100.0,100,1,5000
6,1.0,0.1,0.1795362811822041,0.8202663734662017,0.21887558357846268,150,"(50, 50, 50)",0.3,0.02,"(0.0, 0.5, 1.0, 2.0, 3.0, 4.0, 5.0, 8.0)",100.0,100,1,5000
6,2.0,0.1,0.11698693015880444,0.8830127091496407,0.13248612273255417,150,"(50, 50, 50)",0.3,0.02,"(0.0, 0.5, 1.0, 2.0, 3.0, 4.0, 5.0, 8.0)",100.0,100,1,5000
6,3.0,0.1,0.19025652632468879,0.8097434729754157,0.2349590119270589,150,"(50, 50, 50)",0.3,0.02,"(0.0, 0.5, 1.0, 2.0, 3.0, 4.0, 5.0, 8.0)",100.0,100,1,5000
6,4.0,0.1,0.26427058753299865,0.735729412465714,0.35919535505224076,150,"(50, 50, 50)",0.3,0.02,"(0.0, 0.5, 1.0, 2.0, 3.0, 4.0, 5.0, 8.0)",100.0,100,1,5000
6,5.0,0.1,0.2835934070722033,0.7164065929278103,0.39585538417955346,150,"(50, 50, 50)",0.3,0.02,"(0.0, 0.5, 1.0, 2.0, 3.0, 4.0, 5.0, 8.0)",100.0,100,1,5000
6,8.0,0.1,0.3082033303486821,0.6917966696513528,0.44551143980500574,150,"(50, 50, 50)",0.3,0.02,"(0.0, 0.5, 1.0, 2.0, 3.0, 4.0, 5.0, 8.0)",100.0,100,1,5000
7,0.0,0.1,0.2666666666666615,0.6666666666666536,0.4000000000000001,150,"(50, 50, 50)",0.3,0.02,"(0.0, 0.5, 1.0, 2.0, 3.0, 4.0, 5.0, 8.0)",100.0,100,1,5000
7,0.5,0.1,0.2794369734267592,0.6503281341234658,0.42968612115081534,150,"(50, 50, 50)",0.3,0.02,"(0.0, 0.5, 1.0, 2.0, 3.0, 4.0, 5.0, 8.0)",100.0,100,1,5000
7,1.0,0.1,0.20118291896788137,0.7597935583638796,0.26478629195159753,150,"(50, 50, 50)",0.3,0.02,"(0.0, 0.5, 1.0, 2.0, 3.0, 4.0, 5.0, 8.0)",100.0,100,1,5000
7,2.0,0.1,0.32319818836766057,0.647942125361286,0.4988071861934405,150,"(50, 50, 50)",0.3,0.02,"(0.0, 0.5, 1.0, 2.0, 3.0, 4.0, 5.0, 8.0)",100.0,100,1,5000
7,3.0,0.1,0.608373746978793,0.36814102495890827,1.652556237237345,150,"(50, 50, 50)",0.3,0.02,"(0.0, 0.5, 1.0, 2.0, 3.0, 4.0, 5.0, 8.0)",100.0,100,1,5000
7,4.0,0.1,0.7292973406971014,0.25975658259325163,2.8076183225704643,150,"(50, 50, 50)",0.3,0.02,"(0.0, 0.5, 1.0, 2.0, 3.0, 4.0, 5.0, 8.0)",100.0,100,1,5000
7,5.0,0.1,0.7697203129933016,0.22598805759663,3.406022075587679,150,"(50, 50, 50)",0.3,0.02,"(0.0, 0.5, 1.0, 2.0, 3.0, 4.0, 5.0, 8.0)",100.0,100,1,5000
7,8.0,0.1,0.7748698513470939,0.2249017603338951,3.4453703261223994,150,"(50, 50, 50)",0.3,0.02,"(0.0, 0.5, 1.0, 2.0, 3.0, 4.0, 5.0, 8.0)",100.0,100,1,5000
8,0.0,0.1,0.26666666666665995,0.6666666666666499,0.4,150,"(50, 50, 50)",0.3,0.02,"(0.0, 0.5, 1.0, 2.0, 3.0, 4.0, 5.0, 8.0)",100.0,100,1,5000
8,0.5,0.1,0.38462988849445673,0.5829438664004778,0.6598060476550568,150,"(50, 50, 50)",0.3,0.02,"(0.0, 0.5, 1.0, 2.0, 3.0, 4.0, 5.0, 8.0)",100.0,100,1,5000
8,1.0,0.1,0.43812139257581945,0.5413632425761873,0.8092928335712811,150,"(50, 50, 50)",0.3,0.02,"(0.0, 0.5, 1.0, 2.0, 3.0, 4.0, 5.0, 8.0)",100.0,100,1,5000
8,2.0,0.1,0.7065141985167926,0.2821676747783246,2.5038807123170344,150,"(50, 50, 50)",0.3,0.02,"(0.0, 0.5, 1.0, 2.0, 3.0, 4.0, 5.0, 8.0)",100.0,100,1,5000
8,3.0,0.1,0.7925859352319935,0.20369670235876916,3.891010144268409,150,"(50, 50, 50)",0.3,0.02,"(0.0, 0.5, 1.0, 2.0, 3.0, 4.0, 5.0, 8.0)",100.0,100,1,5000
8,4.0,0.1,0.8153323259376131,0.18367135870210524,4.439082564092056,150,"(50, 50, 50)",0.3,0.02,"(0.0, 0.5, 1.0, 2.0, 3.0, 4.0, 5.0, 8.0)",100.0,100,1,5000
8,5.0,0.1,0.8201100818815997,0.17963171314241771,4.565508325533758,150,"(50, 50, 50)",0.3,0.02,"(0.0, 0.5, 1.0, 2.0, 3.0, 4.0, 5.0, 8.0)",100.0,100,1,5000
8,8.0,0.1,0.8224038304518265,0.17759100471056288,4.630886748977951,150,"(50, 50, 50)",0.3,0.02,"(0.0, 0.5, 1.0, 2.0, 3.0, 4.0, 5.0, 8.0)",100.0,100,1,5000
9,0.0,0.1,0.2666666666666707,0.6666666666666768,0.39999999999999997,150,"(50, 50, 50)",0.3,0.02,"(0.0, 0.5, 1.0, 2.0, 3.0, 4.0, 5.0, 8.0)",100.0,100,1,5000
9,0.5,0.1,0.31056841954331527,0.6246204920932167,0.49721138431200695,150,"(50, 50, 50)",0.3,0.02,"(0.0, 0.5, 1.0, 2.0, 3.0, 4.0, 5.0, 8.0)",100.0,100,1,5000
9,1.0,0.1,0.3394859579700117,0.6201415800850097,0.5474329876791596,150,"(50, 50, 50)",0.3,0.02,"(0.0, 0.5, 1.0, 2.0, 3.0, 4.0, 5.0, 8.0)",100.0,100,1,5000
9,2.0,0.1,0.6253146786547248,0.3581317093586621,1.7460466703005177,150,"(50, 50, 50)",0.3,0.02,"(0.0, 0.5, 1.0, 2.0, 3.0, 4.0, 5.0, 8.0)",100.0,100,1,5000
9,3.0,0.1,0.7597252248182671,0.23625930474734316,3.2156414987791524,150,"(50, 50, 50)",0.3,0.02,"(0.0, 0.5, 1.0, 2.0, 3.0, 4.0, 5.0, 8.0)",100.0,100,1,5000
9,4.0,0.1,0.7794350141717137,0.21972778671368043,3.5472755896247574,150,"(50, 50, 50)",0.3,0.02,"(0.0, 0.5, 1.0, 2.0, 3.0, 4.0, 5.0, 8.0)",100.0,100,1,5000
9,5.0,0.1,0.7841895249176626,0.21558046167827805,3.637572342190961,150,"(50, 50, 50)",0.3,0.02,"(0.0, 0.5, 1.0, 2.0, 3.0, 4.0, 5.0, 8.0)",100.0,100,1,5000
9,8.0,0.1,0.7968159929650664,0.1947593584770741,4.091284748500867,150,"(50, 50, 50)",0.3,0.02,"(0.0, 0.5, 1.0, 2.0, 3.0, 4.0, 5.0, 8.0)",100.0,100,1,5000
10,0.0,0.1,0.2666666666666694,0.6666666666666735,0.39999999999999997,150,"(50, 50, 50)",0.3,0.02,"(0.0, 0.5, 1.0, 2.0, 3.0, 4.0, 5.0, 8.0)",100.0,100,1,5000
10,0.5,0.1,0.18553682499305263,0.7364991996839878,0.2519172119571366,150,"(50, 50, 50)",0.3,0.02,"(0.0, 0.5, 1.0, 2.0, 3.0, 4.0, 5.0, 8.0)",100.0,100,1,5000
10,1.0,0.1,0.15840297440553638,0.7739524959817207,0.20466756710256487,150,"(50, 50, 50)",0.3,0.02,"(0.0, 0.5, 1.0, 2.0, 3.0, 4.0, 5.0, 8.0)",100.0,100,1,5000
10,2.0,0.1,0.302901508323099,0.6308183893767857,0.48017228638871673,150,"(50, 50, 50)",0.3,0.02,"(0.0, 0.5, 1.0, 2.0, 3.0, 4.0, 5.0, 8.0)",100.0,100,1,5000
10,3.0,0.1,0.5878579099360883,0.35712075392731457,1.6461040235587543,150,"(50, 50, 50)",0.3,0.02,"(0.0, 0.5, 1.0, 2.0, 3.0, 4.0, 5.0, 8.0)",100.0,100,1,5000
10,4.0,0.1,0.7409411926006605,0.22926866811525912,3.231759484153198,150,"(50, 50, 50)",0.3,0.02,"(0.0, 0.5, 1.0, 2.0, 3.0, 4.0, 5.0, 8.0)",100.0,100,1,5000
10,5.0,0.1,0.7811362721084055,0.2051510476494059,3.807615320801739,150,"(50, 50, 50)",0.3,0.02,"(0.0, 0.5, 1.0, 2.0, 3.0, 4.0, 5.0, 8.0)",100.0,100,1,5000
10,8.0,0.1,0.7922857562854401,0.20651099672234505,3.836530590914109,150,"(50, 50, 50)",0.3,0.02,"(0.0, 0.5, 1.0, 2.0, 3.0, 4.0, 5.0, 8.0)",100.0,100,1,5000
11,0.0,0.1,0.26666666666665984,0.6666666666666498,0.3999999999999999,150,"(50, 50, 50)",0.3,0.02,"(0.0, 0.5, 1.0, 2.0, 3.0, 4.0, 5.0, 8.0)",100.0,100,1,5000
11,0.5,0.1,0.21961123811516947,0.7038371224935727,0.3120199703833822,150,"(50, 50, 50)",0.3,0.02,"(0.0, 0.5, 1.0, 2.0, 3.0, 4.0, 5.0, 8.0)",100.0,100,1,5000
11,1.0,0.1,0.2112680800361353,0.6894184338446117,0.30644390933671073,150,"(50, 50, 50)",0.3,0.02,"(0.0, 0.5, 1.0, 2.0, 3.0, 4.0, 5.0, 8.0)",100.0,100,1,5000
11,2.0,0.1,0.380917800667438,0.349702840176209,1.0892613868263132,150,"(50, 50, 50)",0.3,0.02,"(0.0, 0.5, 1.0, 2.0, 3.0, 4.0, 5.0, 8.0)",100.0,100,1,5000
11,3.0,0.1,0.4588716447737922,0.3020087710765712,1.519398404020028,150,"(50, 50, 50)",0.3,0.02,"(0.0, 0.5, 1.0, 2.0, 3.0, 4.0, 5.0, 8.0)",100.0,100,1,5000
11,4.0,0.1,0.48516035697185095,0.2888462927858347,1.6796488966246608,150,"(50, 50, 50)",0.3,0.02,"(0.0, 0.5, 1.0, 2.0, 3.0, 4.0, 5.0, 8.0)",100.0,100,1,5000
11,5.0,0.1,0.4952660717004072,0.28028188561456063,1.7670284706928565,150,"(50, 50, 50)",0.3,0.02,"(0.0, 0.5, 1.0, 2.0, 3.0, 4.0, 5.0, 8.0)",100.0,100,1,5000
11,8.0,0.1,0.5073814043133678,0.26631093660982724,1.9052218086587012,150,"(50, 50, 50)",0.3,0.02,"(0.0, 0.5, 1.0, 2.0, 3.0, 4.0, 5.0, 8.0)",100.0,100,1,5000
12,0.0,0.1,0.2666666666666615,0.6666666666666536,0.4000000000000001,150,"(50, 50, 50)",0.3,0.02,"(0.0, 0.5, 1.0, 2.0, 3.0, 4.0, 5.0, 8.0)",100.0,100,1,5000
12,0.5,0.1,0.32546198244148544,0.6071038710627651,0.5360894534764673,150,"(50, 50, 50)",0.3,0.02,"(0.0, 0.5, 1.0, 2.0, 3.0, 4.0, 5.0, 8.0)",100.0,100,1,5000
12,1.0,0.1,0.3162507185949256,0.5574220570205117,0.5673451823656278,150,"(50, 50, 50)",0.3,0.02,"(0.0, 0.5, 1.0, 2.0, 3.0, 4.0, 5.0, 8.0)",100.0,100,1,5000
12,2.0,0.1,0.4203905041397043,0.17010877657669987,2.4713040243996796,150,"(50, 50, 50)",0.3,0.02,"(0.0, 0.5, 1.0, 2.0, 3.0, 4.0, 5.0, 8.0)",100.0,100,1,5000
12,3.0,0.1,0.3303083502544336,0.14327052265910598,2.3054871590045107,150,"(50, 50, 50)",0.3,0.02,"(0.0, 0.5, 1.0, 2.0, 3.0, 4.0, 5.0, 8.0)",100.0,100,1,5000
12,4.0,0.1,0.38157122375484004,0.13964514382733512,2.732434607440668,150,"(50, 50, 50)",0.3,0.02,"(0.0, 0.5, 1.0, 2.0, 3.0, 4.0, 5.0, 8.0)",100.0,100,1,5000
12,5.0,0.1,0.4639109140924451,0.13742466609072057,3.3757470713896107,150,"(50, 50, 50)",0.3,0.02,"(0.0, 0.5, 1.0, 2.0, 3.0, 4.0, 5.0, 8.0)",100.0,100,1,5000
12,8.0,0.1,0.5332894956268248,0.13320655940601944,4.003477741672878,150,"(50, 50, 50)",0.3,0.02,"(0.0, 0.5, 1.0, 2.0, 3.0, 4.0, 5.0, 8.0)",100.0,100,1,5000
13,0.0,0.1,0.2666666666666674,0.6666666666666685,0.39999999999999997,150,"(50, 50, 50)",0.3,0.02,"(0.0, 0.5, 1.0, 2.0, 3.0, 4.0, 5.0, 8.0)",100.0,100,1,5000
13,0.5,0.1,0.22396444315207586,0.7086101828843226,0.3160615646820828,150,"(50, 50, 50)",0.3,0.02,"(0.0, 0.5, 1.0, 2.0, 3.0, 4.0, 5.0, 8.0)",100.0,100,1,5000
13,1.0,0.1,0.22300251173246335,0.7114635781670577,0.31344192250428937,150,"(50, 50, 50)",0.3,0.02,"(0.0, 0.5, 1.0, 2.0, 3.0, 4.0, 5.0, 8.0)",100.0,100,1,5000
13,2.0,0.1,0.30351021166857167,0.6554587147488238,0.46305008208622084,150,"(50, 50, 50)",0.3,0.02,"(0.0, 0.5, 1.0, 2.0, 3.0, 4.0, 5.0, 8.0)",100.0,100,1,5000
13,3.0,0.1,0.37028910866165027,0.6122500311679944,0.6048004733544018,150,"(50, 50, 50)",0.3,0.02,"(0.0, 0.5, 1.0, 2.0, 3.0, 4.0, 5.0, 8.0)",100.0,100,1,5000
13,4.0,0.1,0.44550266706013025,0.5177598479730031,0.8604426720307587,150,"(50, 50, 50)",0.3,0.02,"(0.0, 0.5, 1.0, 2.0, 3.0, 4.0, 5.0, 8.0)",100.0,100,1,5000
13,5.0,0.1,0.44659487698514266,0.4427567700442316,1.0086686578288293,150,"(50, 50, 50)",0.3,0.02,"(0.0, 0.5, 1.0, 2.0, 3.0, 4.0, 5.0, 8.0)",100.0,100,1,5000
13,8.0,0.1,0.40697987392684176,0.3896996772183699,1.044342342882642,150,"(50, 50, 50)",0.3,0.02,"(0.0, 0.5, 1.0, 2.0, 3.0, 4.0, 5.0, 8.0)",100.0,100,1,5000
14,0.0,0.1,0.2666666666666594,0.6666666666666483,0.4000000000000001,150,"(50, 50, 50)",0.3,0.02,"(0.0, 0.5, 1.0, 2.0, 3.0, 4.0, 5.0, 8.0)",100.0,100,1,5000
14,0.5,0.1,0.24719651434351697,0.7276826773638072,0.3397037225608303,150,"(50, 50, 50)",0.3,0.02,"(0.0, 0.5, 1.0, 2.0, 3.0, 4.0, 5.0, 8.0)",100.0,100,1,5000
14,1.0,0.1,0.19211784128253484,0.8000472014639143,0.24013313330888542,150,"(50, 50, 50)",0.3,0.02,"(0.0, 0.5, 1.0, 2.0, 3.0, 4.0, 5.0, 8.0)",100.0,100,1,5000
14,2.0,0.1,0.13468693670990944,0.8643753952847283,0.15581995675101684,150,"(50, 50, 50)",0.3,0.02,"(0.0, 0.5, 1.0, 2.0, 3.0, 4.0, 5.0, 8.0)",100.0,100,1,5000
14,3.0,0.1,0.13488519731608906,0.8650020329338703,0.15593627781265695,150,"(50, 50, 50)",0.3,0.02,"(0.0, 0.5, 1.0, 2.0, 3.0, 4.0, 5.0, 8.0)",100.0,100,1,5000
14,4.0,0.1,0.24179930263641614,0.7581634984012027,0.3189276497039449,150,"(50, 50, 50)",0.3,0.02,"(0.0, 0.5, 1.0, 2.0, 3.0, 4.0, 5.0, 8.0)",100.0,100,1,5000
14,5.0,0.1,0.37896597482689,0.6210228235968812,0.6102287394720369,150,"(50, 50, 50)",0.3,0.02,"(0.0, 0.5, 1.0, 2.0, 3.0, 4.0, 5.0, 8.0)",100.0,100,1,5000
14,8.0,0.1,0.5260400409768167,0.47395964823636827,1.1098836007120914,150,"(50, 50, 50)",0.3,0.02,"(0.0, 0.5, 1.0, 2.0, 3.0, 4.0, 5.0, 8.0)",100.0,100,1,5000
15,0.0,0.1,0.26666666666666305,0.6666666666666576,0.4,150,"(50, 50, 50)",0.3,0.02,"(0.0, 0.5, 1.0, 2.0, 3.0, 4.0, 5.0, 8.0)",100.0,100,1,5000
15,0.5,0.1,0.25286634476102243,0.6113238878281502,0.41363727116795723,150,"(50, 50, 50)",0.3,0.02,"(0.0, 0.5, 1.0, 2.0, 3.0, 4.0, 5.0, 8.0)",100.0,100,1,5000
15,1.0,0.1,0.20242825410866622,0.6347599959448205,0.3189051852698406,150,"(50, 50, 50)",0.3,0.02,"(0.0, 0.5, 1.0, 2.0, 3.0, 4.0, 5.0, 8.0)",100.0,100,1,5000
15,2.0,0.1,0.1722896183062816,0.6420281645823991,0.2683521188176311,150,"(50, 50, 50)",0.3,0.02,"(0.0, 0.5, 1.0, 2.0, 3.0, 4.0, 5.0, 8.0)",100.0,100,1,5000
15,3.0,0.1,0.2731161918206758,0.432772437111348,0.6310849961787325,150,"(50, 50, 50)",0.3,0.02,"(0.0, 0.5, 1.0, 2.0, 3.0, 4.0, 5.0, 8.0)",100.0,100,1,5000
15,4.0,0.1,0.31405132357574034,0.2907743917850249,1.0800515191445212,150,"(50, 50, 50)",0.3,0.02,"(0.0, 0.5, 1.0, 2.0, 3.0, 4.0, 5.0, 8.0)",100.0,100,1,5000
15,5.0,0.1,0.31741051235848317,0.22778158023334683,1.3934863039992855,150,"(50, 50, 50)",0.3,0.02,"(0.0, 0.5, 1.0, 2.0, 3.0, 4.0, 5.0, 8.0)",100.0,100,1,5000
15,8.0,0.1,0.3183828781274721,0.20227880686169403,1.5739804039143015,150,"(50, 50, 50)",0.3,0.02,"(0.0, 0.5, 1.0, 2.0, 3.0, 4.0, 5.0, 8.0)",100.0,100,1,5000
16,0.0,0.1,0.2666666666666663,0.6666666666666654,0.4000000000000002,150,"(50, 50, 50)",0.3,0.02,"(0.0, 0.5, 1.0, 2.0, 3.0, 4.0, 5.0, 8.0)",100.0,100,1,5000
16,0.5,0.1,0.24916722109258196,0.6110479133016077,0.40777034937617945,150,"(50, 50, 50)",0.3,0.02,"(0.0, 0.5, 1.0, 2.0, 3.0, 4.0, 5.0, 8.0)",100.0,100,1,5000
16,1.0,0.1,0.29216618555195845,0.4993712529685353,0.5850680907544501,150,"(50, 50, 50)",0.3,0.02,"(0.0, 0.5, 1.0, 2.0, 3.0, 4.0, 5.0, 8.0)",100.0,100,1,5000
16,2.0,0.1,0.3493378127133666,0.24982247441801977,1.3983442183381432,150,"(50, 50, 50)",0.3,0.02,"(0.0, 0.5, 1.0, 2.0, 3.0, 4.0, 5.0, 8.0)",100.0,100,1,5000
16,3.0,0.1,0.2952481039532496,0.12156259103387579,2.4287743576555796,150,"(50, 50, 50)",0.3,0.02,"(0.0, 0.5, 1.0, 2.0, 3.0, 4.0, 5.0, 8.0)",100.0,100,1,5000
16,4.0,0.1,0.26368507041044886,0.09456671357884686,2.7883497314369103,150,"(50, 50, 50)",0.3,0.02,"(0.0, 0.5, 1.0, 2.0, 3.0, 4.0, 5.0, 8.0)",100.0,100,1,5000
16,5.0,0.1,0.25049826273197967,0.08916513668300653,2.809374516214034,150,"(50, 50, 50)",0.3,0.02,"(0.0, 0.5, 1.0, 2.0, 3.0, 4.0, 5.0, 8.0)",100.0,100,1,5000
16,8.0,0.1,0.24566981189595843,0.08445416504586276,2.908912920547467,150,"(50, 50, 50)",0.3,0.02,"(0.0, 0.5, 1.0, 2.0, 3.0, 4.0, 5.0, 8.0)",100.0,100,1,5000
17,0.0,0.1,0.2666666666666654,0.6666666666666634,0.4,150,"(50, 50, 50)",0.3,0.02,"(0.0, 0.5, 1.0, 2.0, 3.0, 4.0, 5.0, 8.0)",100.0,100,1,5000
17,0.5,0.1,0.25263099072470746,0.7090742785339936,0.3562828301246808,150,"(50, 50, 50)",0.3,0.02,"(0.0, 0.5, 1.0, 2.0, 3.0, 4.0, 5.0, 8.0)",100.0,100,1,5000
17,1.0,0.1,0.24205225622723808,0.7462316420294245,0.32436611180003244,150,"(50, 50, 50)",0.3,0.02,"(0.0, 0.5, 1.0, 2.0, 3.0, 4.0, 5.0, 8.0)",100.0,100,1,5000
17,2.0,0.1,0.28138840309755214,0.7172391461746886,0.3923215911991201,150,"(50, 50, 50)",0.3,0.02,"(0.0, 0.5, 1.0, 2.0, 3.0, 4.0, 5.0, 8.0)",100.0,100,1,5000
17,3.0,0.1,0.31766704533771334,0.6812261729570022,0.46631655968063335,150,"(50, 50, 50)",0.3,0.02,"(0.0, 0.5, 1.0, 2.0, 3.0, 4.0, 5.0, 8.0)",100.0,100,1,5000
17,4.0,0.1,0.2912115019253334,0.6892681627001028,0.422493766119353,150,"(50, 50, 50)",0.3,0.02,"(0.0, 0.5, 1.0, 2.0, 3.0, 4.0, 5.0, 8.0)",100.0,100,1,5000
17,5.0,0.1,0.25748831069223754,0.6748591352271494,0.38154378780924425,150,"(50, 50, 50)",0.3,0.02,"(0.0, 0.5, 1.0, 2.0, 3.0, 4.0, 5.0, 8.0)",100.0,100,1,5000
17,8.0,0.1,0.20721497975090833,0.6412409868659368,0.32314681062991757,150,"(50, 50, 50)",0.3,0.02,"(0.0, 0.5, 1.0, 2.0, 3.0, 4.0, 5.0, 8.0)",100.0,100,1,5000
18,0.0,0.1,0.26666666666666267,0.6666666666666567,0.39999999999999997,150,"(50, 50, 50)",0.3,0.02,"(0.0, 0.5, 1.0, 2.0, 3.0, 4.0, 5.0, 8.0)",100.0,100,1,5000
18,0.5,0.1,0.2796972560443367,0.7054005404444128,0.3965084232401116,150,"(50, 50, 50)",0.3,0.02,"(0.0, 0.5, 1.0, 2.0, 3.0, 4.0, 5.0, 8.0)",100.0,100,1,5000
18,1.0,0.1,0.3744754171619647,0.6234815837228465,0.6006198529970191,150,"(50, 50, 50)",0.3,0.02,"(0.0, 0.5, 1.0, 2.0, 3.0, 4.0, 5.0, 8.0)",100.0,100,1,5000
18,2.0,0.1,0.6427116916695488,0.35726248863942867,1.7989901322056037,150,"(50, 50, 50)",0.3,0.02,"(0.0, 0.5, 1.0, 2.0, 3.0, 4.0, 5.0, 8.0)",100.0,100,1,5000
18,3.0,0.1,0.715996050512527,0.28400371014933545,2.521079918765992,150,"(50, 50, 50)",0.3,0.02,"(0.0, 0.5, 1.0, 2.0, 3.0, 4.0, 5.0, 8.0)",100.0,100,1,5000
18,4.0,0.1,0.7269899734775191,0.2730100241391001,2.6628691593650564,150,"(50, 50, 50)",0.3,0.02,"(0.0, 0.5, 1.0, 2.0, 3.0, 4.0, 5.0, 8.0)",100.0,100,1,5000
18,5.0,0.1,0.7287620584531533,0.2712379415189243,2.6867998421316273,150,"(50, 50, 50)",0.3,0.02,"(0.0, 0.5, 1.0, 2.0, 3.0, 4.0, 5.0, 8.0)",100.0,100,1,5000
18,8.0,0.1,0.7261785314641869,0.27382146853588607,2.652014596762768,150,"(50, 50, 50)",0.3,0.02,"(0.0, 0.5, 1.0, 2.0, 3.0, 4.0, 5.0, 8.0)",100.0,100,1,5000
19,0.0,0.1,0.26666666666667166,0.6666666666666793,0.3999999999999999,150,"(50, 50, 50)",0.3,0.02,"(0.0, 0.5, 1.0, 2.0, 3.0, 4.0, 5.0, 8.0)",100.0,100,1,5000
19,0.5,0.1,0.26144901737539933,0.6492913832452241,0.4026682382086309,150,"(50, 50, 50)",0.3,0.02,"(0.0, 0.5, 1.0, 2.0, 3.0, 4.0, 5.0, 8.0)",100.0,100,1,5000
19,1.0,0.1,0.2836685747095321,0.6599376461791313,0.42984148025483915,150,"(50, 50, 50)",0.3,0.02,"(0.0, 0.5, 1.0, 2.0, 3.0, 4.0, 5.0, 8.0)",100.0,100,1,5000
19,2.0,0.1,0.42451203382616026,0.553828837836241,0.7665040258370983,150,"(50, 50, 50)",0.3,0.02,"(0.0, 0.5, 1.0, 2.0, 3.0, 4.0, 5.0, 8.0)",100.0,100,1,5000
19,3.0,0.1,0.6200972711961112,0.3590492896662938,1.7270533295649733,150,"(50, 50, 50)",0.3,0.02,"(0.0, 0.5, 1.0, 2.0, 3.0, 4.0, 5.0, 8.0)",100.0,100,1,5000
19,4.0,0.1,0.7520981078738052,0.21825175101304148,3.446011793183112,150,"(50, 50, 50)",0.3,0.02,"(0.0, 0.5, 1.0, 2.0, 3.0, 4.0, 5.0, 8.0)",100.0,100,1,5000
19,5.0,0.1,0.7905947415165802,0.1599453409473201,4.9429057253813475,150,"(50, 50, 50)",0.3,0.02,"(0.0, 0.5, 1.0, 2.0, 3.0, 4.0, 5.0, 8.0)",100.0,100,1,5000
19,8.0,0.1,0.7062385497501354,0.1380691744558278,5.115106630669983,150,"(50, 50, 50)",0.3,0.02,"(0.0, 0.5, 1.0, 2.0, 3.0, 4.0, 5.0, 8.0)",100.0,100,1,5000
20,0.0,0.1,0.26666666666666605,0.6666666666666651,0.4,150,"(50, 50, 50)",0.3,0.02,"(0.0, 0.5, 1.0, 2.0, 3.0, 4.0, 5.0, 8.0)",100.0,100,1,5000
20,0.5,0.1,0.20985526436271706,0.745465006597127,0.2815092090246558,150,"(50, 50, 50)",0.3,0.02,"(0.0, 0.5, 1.0, 2.0, 3.0, 4.0, 5.0, 8.0)",100.0,100,1,5000
20,1.0,0.1,0.30254955787490095,0.6191046751808214,0.4886888599032717,150,"(50, 50, 50)",0.3,0.02,"(0.0, 0.5, 1.0, 2.0, 3.0, 4.0, 5.0, 8.0)",100.0,100,1,5000
20,2.0,0.1,0.5662309059770291,0.278817113307372,2.0308326818978575,150,"(50, 50, 50)",0.3,0.02,"(0.0, 0.5, 1.0, 2.0, 3.0, 4.0, 5.0, 8.0)",100.0,100,1,5000
20,3.0,0.1,0.578528551566122,0.25245065754710055,2.291650008707876,150,"(50, 50, 50)",0.3,0.02,"(0.0, 0.5, 1.0, 2.0, 3.0, 4.0, 5.0, 8.0)",100.0,100,1,5000
20,4.0,0.1,0.5778687764434514,0.22313321550662155,2.589792717016185,150,"(50, 50, 50)",0.3,0.02,"(0.0, 0.5, 1.0, 2.0, 3.0, 4.0, 5.0, 8.0)",100.0,100,1,5000
20,5.0,0.1,0.5900019330044172,0.21062647950822289,2.8011764445855603,150,"(50, 50, 50)",0.3,0.02,"(0.0, 0.5, 1.0, 2.0, 3.0, 4.0, 5.0, 8.0)",100.0,100,1,5000
20,8.0,0.1,0.6330771095427274,0.20601917879986786,3.0729037618275057,150,"(50, 50, 50)",0.3,0.02,"(0.0, 0.5, 1.0, 2.0, 3.0, 4.0, 5.0, 8.0)",100.0,100,1,5000
21,0.0,0.1,0.26666666666666794,0.6666666666666697,0.4000000000000001,150,"(50, 50, 50)",0.3,0.02,"(0.0, 0.5, 1.0, 2.0, 3.0, 4.0, 5.0, 8.0)",100.0,100,1,5000
21,0.5,0.1,0.20711200269246255,0.7675841302731565,0.26982319530076604,150,"(50, 50, 50)",0.3,0.02,"(0.0, 0.5, 1.0, 2.0, 3.0, 4.0, 5.0, 8.0)",100.0,100,1,5000
21,1.0,0.1,0.290251134548921,0.6981797167050987,0.4157255325587165,150,"(50, 50, 50)",0.3,0.02,"(0.0, 0.5, 1.0, 2.0, 3.0, 4.0, 5.0, 8.0)",100.0,100,1,5000
21,2.0,0.1,0.6018065177697453,0.39613890118908646,1.5191805600593837,150,"(50, 50, 50)",0.3,0.02,"(0.0, 0.5, 1.0, 2.0, 3.0, 4.0, 5.0, 8.0)",100.0,100,1,5000
21,3.0,0.1,0.6579238650461787,0.3418601190278975,1.924541145416523,150,"(50, 50, 50)",0.3,0.02,"(0.0, 0.5, 1.0, 2.0, 3.0, 4.0, 5.0, 8.0)",100.0,100,1,5000
21,4.0,0.1,0.6737197268299107,0.3262611700352084,2.064970608537959,150,"(50, 50, 50)",0.3,0.02,"(0.0, 0.5, 1.0, 2.0, 3.0, 4.0, 5.0, 8.0)",100.0,100,1,5000
21,5.0,0.1,0.6818297273243066,0.3181686250017101,2.1429822859518026,150,"(50, 50, 50)",0.3,0.02,"(0.0, 0.5, 1.0, 2.0, 3.0, 4.0, 5.0, 8.0)",100.0,100,1,5000
21,8.0,0.1,0.6933971290983578,0.3066028697811636,2.2615480722449433,150,"(50, 50, 50)",0.3,0.02,"(0.0, 0.5, 1.0, 2.0, 3.0, 4.0, 5.0, 8.0)",100.0,100,1,5000
22,0.0,0.1,0.26666666666666183,0.6666666666666546,0.39999999999999997,150,"(50, 50, 50)",0.3,0.02,"(0.0, 0.5, 1.0, 2.0, 3.0, 4.0, 5.0, 8.0)",100.0,100,1,5000
22,0.5,0.1,0.33458319423648375,0.6290210422436132,0.5319109723946297,150,"(50, 50, 50)",0.3,0.02,"(0.0, 0.5, 1.0, 2.0, 3.0, 4.0, 5.0, 8.0)",100.0,100,1,5000
22,1.0,0.1,0.37635071044332363,0.6046594966064944,0.622417596276088,150,"(50, 50, 50)",0.3,0.02,"(0.0, 0.5, 1.0, 2.0, 3.0, 4.0, 5.0, 8.0)",100.0,100,1,5000
22,2.0,0.1,0.4365427247435321,0.5590411377759631,0.7808776407407741,150,"(50, 50, 50)",0.3,0.02,"(0.0, 0.5, 1.0, 2.0, 3.0, 4.0, 5.0, 8.0)",100.0,100,1,5000
22,3.0,0.1,0.43745365109175244,0.5442954943955634,0.8037061772439287,150,"(50, 50, 50)",0.3,0.02,"(0.0, 0.5, 1.0, 2.0, 3.0, 4.0, 5.0, 8.0)",100.0,100,1,5000
22,4.0,0.1,0.4391464293910259,0.47971863580948376,0.9154249941739374,150,"(50, 50, 50)",0.3,0.02,"(0.0, 0.5, 1.0, 2.0, 3.0, 4.0, 5.0, 8.0)",100.0,100,1,5000
22,5.0,0.1,0.4645058792686221,0.40376958725254963,1.15042314709573,150,"(50, 50, 50)",0.3,0.02,"(0.0, 0.5, 1.0, 2.0, 3.0, 4.0, 5.0, 8.0)",100.0,100,1,5000
22,8.0,0.1,0.5255002065067993,0.3085057681468156,1.7033723864012738,150,"(50, 50, 50)",0.3,0.02,"(0.0, 0.5, 1.0, 2.0, 3.0, 4.0, 5.0, 8.0)",100.0,100,1,5000
23,0.0,0.1,0.2666666666666641,0.6666666666666603,0.39999999999999997,150,"(50, 50, 50)",0.3,0.02,"(0.0, 0.5, 1.0, 2.0, 3.0, 4.0, 5.0, 8.0)",100.0,100,1,5000
23,0.5,0.1,0.3389194705262496,0.5959979635132947,0.5686587728058394,150,"(50, 50, 50)",0.3,0.02,"(0.0, 0.5, 1.0, 2.0, 3.0, 4.0, 5.0, 8.0)",100.0,100,1,5000
23,1.0,0.1,0.4092102937994046,0.5588950348273315,0.7321773647995076,150,"(50, 50, 50)",0.3,0.02,"(0.0, 0.5, 1.0, 2.0, 3.0, 4.0, 5.0, 8.0)",100.0,100,1,5000
23,2.0,0.1,0.7017949419954538,0.29207684365870334,2.402775013603998,150,"(50, 50, 50)",0.3,0.02,"(0.0, 0.5, 1.0, 2.0, 3.0, 4.0, 5.0, 8.0)",100.0,100,1,5000
23,3.0,0.1,0.8601590799295253,0.13844218914146642,6.213128275879662,150,"(50, 50, 50)",0.3,0.02,"(0.0, 0.5, 1.0, 2.0, 3.0, 4.0, 5.0, 8.0)",100.0,100,1,5000
23,4.0,0.1,0.906127795870292,0.09361759470583991,9.679033078316925,150,"(50, 50, 50)",0.3,0.02,"(0.0, 0.5, 1.0, 2.0, 3.0, 4.0, 5.0, 8.0)",100.0,100,1,5000
23,5.0,0.1,0.9131689463529192,0.08679081500281215,10.521492928984838,150,"(50, 50, 50)",0.3,0.02,"(0.0, 0.5, 1.0, 2.0, 3.0, 4.0, 5.0, 8.0)",100.0,100,1,5000
23,8.0,0.1,0.9141624276915279,0.08583741880152802,10.649929138773853,150,"(50, 50, 50)",0.3,0.02,"(0.0, 0.5, 1.0, 2.0, 3.0, 4.0, 5.0, 8.0)",100.0,100,1,5000
24,0.0,0.1,0.26666666666666883,0.6666666666666721,0.4,150,"(50, 50, 50)",0.3,0.02,"(0.0, 0.5, 1.0, 2.0, 3.0, 4.0, 5.0, 8.0)",100.0,100,1,5000
24,0.5,0.1,0.27709672507547944,0.6313252763478888,0.438912768832,150,"(50, 50, 50)",0.3,0.02,"(0.0, 0.5, 1.0, 2.0, 3.0, 4.0, 5.0, 8.0)",100.0,100,1,5000
24,1.0,0.1,0.2579860470806563,0.6043753286291615,0.4268639616144124,150,"(50, 50, 50)",0.3,0.02,"(0.0, 0.5, 1.0, 2.0, 3.0, 4.0, 5.0, 8.0)",100.0,100,1,5000
24,2.0,0.1,0.1917358310961902,0.580994781652259,0.3300130003765666,150,"(50, 50, 50)",0.3,0.02,"(0.0, 0.5, 1.0, 2.0, 3.0, 4.0, 5.0, 8.0)",100.0,100,1,5000
24,3.0,0.1,0.16055100565429892,0.5446779431352057,0.2947631856178271,150,"(50, 50, 50)",0.3,0.02,"(0.0, 0.5, 1.0, 2.0, 3.0, 4.0, 5.0, 8.0)",100.0,100,1,5000
24,4.0,0.1,0.15122396306276575,0.4611904305499446,0.32789917796524826,150,"(50, 50, 50)",0.3,0.02,"(0.0, 0.5, 1.0, 2.0, 3.0, 4.0, 5.0, 8.0)",100.0,100,1,5000
24,5.0,0.1,0.1484270211639091,0.3793303869905793,0.3912869262635564,150,"(50, 50, 50)",0.3,0.02,"(0.0, 0.5, 1.0, 2.0, 3.0, 4.0, 5.0, 8.0)",100.0,100,1,5000
24,8.0,0.1,0.14762596686897397,0.31206886871988326,0.4730557311741493,150,"(50, 50, 50)",0.3,0.02,"(0.0, 0.5, 1.0, 2.0, 3.0, 4.0, 5.0, 8.0)",100.0,100,1,5000
25,0.0,0.1,0.26666666666667116,0.6666666666666781,0.3999999999999999,150,"(50, 50, 50)",0.3,0.02,"(0.0, 0.5, 1.0, 2.0, 3.0, 4.0, 5.0, 8.0)",100.0,100,1,5000
25,0.5,0.1,0.1876613982009207,0.7753414762023152,0.2420370945716735,150,"(50, 50, 50)",0.3,0.02,"(0.0, 0.5, 1.0, 2.0, 3.0, 4.0, 5.0, 8.0)",100.0,100,1,5000
25,1.0,0.1,0.10932121339300097,0.872291338330836,0.12532649195186488,150,"(50, 50, 50)",0.3,0.02,"(0.0, 0.5, 1.0, 2.0, 3.0, 4.0, 5.0, 8.0)",100.0,100,1,5000
25,2.0,0.1,0.03810350403446934,0.9584839639459222,0.039753929609425524,150,"(50, 50, 50)",0.3,0.02,"(0.0, 0.5, 1.0, 2.0, 3.0, 4.0, 5.0, 8.0)",100.0,100,1,5000
25,3.0,0.1,0.11655826478335116,0.881333399651719,0.13225218155741297,150,"(50, 50, 50)",0.3,0.02,"(0.0, 0.5, 1.0, 2.0, 3.0, 4.0, 5.0, 8.0)",100.0,100,1,5000
25,4.0,0.1,0.37624716488541005,0.6217091818223449,0.6051819337500531,150,"(50, 50, 50)",0.3,0.02,"(0.0, 0.5, 1.0, 2.0, 3.0, 4.0, 5.0, 8.0)",100.0,100,1,5000
25,5.0,0.1,0.567105122115932,0.43170743806583556,1.3136329655488777,150,"(50, 50, 50)",0.3,0.02,"(0.0, 0.5, 1.0, 2.0, 3.0, 4.0, 5.0, 8.0)",100.0,100,1,5000
25,8.0,0.1,0.7171661536324242,0.2827036583730267,2.536812426693557,150,"(50, 50, 50)",0.3,0.02,"(0.0, 0.5, 1.0, 2.0, 3.0, 4.0, 5.0, 8.0)",100.0,100,1,5000
26,0.0,0.1,0.26666666666666705,0.6666666666666679,0.39999999999999986,150,"(50, 50, 50)",0.3,0.02,"(0.0, 0.5, 1.0, 2.0, 3.0, 4.0, 5.0, 8.0)",100.0,100,1,5000
26,0.5,0.1,0.3866487247102286,0.595829598217236,0.6489250045098611,150,"(50, 50, 50)",0.3,0.02,"(0.0, 0.5, 1.0, 2.0, 3.0, 4.0, 5.0, 8.0)",100.0,100,1,5000
26,1.0,0.1,0.4523081854778985,0.5439338691946525,0.8315499568864597,150,"(50, 50, 50)",0.3,0.02,"(0.0, 0.5, 1.0, 2.0, 3.0, 4.0, 5.0, 8.0)",100.0,100,1,5000
26,2.0,0.1,0.5033020858600247,0.49653182757459935,1.0136350942868977,150,"(50, 50, 50)",0.3,0.02,"(0.0, 0.5, 1.0, 2.0, 3.0, 4.0, 5.0, 8.0)",100.0,100,1,5000
26,3.0,0.1,0.5835087922917725,0.4164831680869786,1.4010381139098331,150,"(50, 50, 50)",0.3,0.02,"(0.0, 0.5, 1.0, 2.0, 3.0, 4.0, 5.0, 8.0)",100.0,100,1,5000
26,4.0,0.1,0.6518151474464308,0.34818445934567693,1.8720397477571216,150,"(50, 50, 50)",0.3,0.02,"(0.0, 0.5, 1.0, 2.0, 3.0, 4.0, 5.0, 8.0)",100.0,100,1,5000
26,5.0,0.1,0.665210375514439,0.33478960879037944,1.9869504848668844,150,"(50, 50, 50)",0.3,0.02,"(0.0, 0.5, 1.0, 2.0, 3.0, 4.0, 5.0, 8.0)",100.0,100,1,5000
26,8.0,0.1,0.6457002646352441,0.35429973536364345,1.8224689441907576,150,"(50, 50, 50)",0.3,0.02,"(0.0, 0.5, 1.0, 2.0, 3.0, 4.0, 5.0, 8.0)",100.0,100,1,5000
27,0.0,0.1,0.26666666666667105,0.6666666666666776,0.4,150,"(50, 50, 50)",0.3,0.02,"(0.0, 0.5, 1.0, 2.0, 3.0, 4.0, 5.0, 8.0)",100.0,100,1,5000
27,0.5,0.1,0.1586051245686087,0.7940970469465732,0.19973015285533435,150,"(50, 50, 50)",0.3,0.02,"(0.0, 0.5, 1.0, 2.0, 3.0, 4.0, 5.0, 8.0)",100.0,100,1,5000
27,1.0,0.1,0.09612020415011487,0.8747270550842775,0.10988593938123241,150,"(50, 50, 50)",0.3,0.02,"(0.0, 0.5, 1.0, 2.0, 3.0, 4.0, 5.0, 8.0)",100.0,100,1,5000
27,2.0,0.1,0.3774995178494999,0.48702189258531603,0.7751181694226814,150,"(50, 50, 50)",0.3,0.02,"(0.0, 0.5, 1.0, 2.0, 3.0, 4.0, 5.0, 8.0)",100.0,100,1,5000
27,3.0,0.1,0.521173292824781,0.29605929078857546,1.7603679703366106,150,"(50, 50, 50)",0.3,0.02,"(0.0, 0.5, 1.0, 2.0, 3.0, 4.0, 5.0, 8.0)",100.0,100,1,5000
27,4.0,0.1,0.5710331448412577,0.25699713470271707,2.2219436240088966,150,"(50, 50, 50)",0.3,0.02,"(0.0, 0.5, 1.0, 2.0, 3.0, 4.0, 5.0, 8.0)",100.0,100,1,5000
27,5.0,0.1,0.6087048901082516,0.23760737347763414,2.561809767092723,150,"(50, 50, 50)",0.3,0.02,"(0.0, 0.5, 1.0, 2.0, 3.0, 4.0, 5.0, 8.0)",100.0,100,1,5000
27,8.0,0.1,0.6761231260940043,0.22842990880906044,2.9598712778857728,150,"(50, 50, 50)",0.3,0.02,"(0.0, 0.5, 1.0, 2.0, 3.0, 4.0, 5.0, 8.0)",100.0,100,1,5000
28,0.0,0.1,0.26666666666666605,0.6666666666666654,0.39999999999999986,150,"(50, 50, 50)",0.3,0.02,"(0.0, 0.5, 1.0, 2.0, 3.0, 4.0, 5.0, 8.0)",100.0,100,1,5000
28,0.5,0.1,0.14675185084326134,0.7755774468025296,0.18921624326271305,150,"(50, 50, 50)",0.3,0.02,"(0.0, 0.5, 1.0, 2.0, 3.0, 4.0, 5.0, 8.0)",100.0,100,1,5000
28,1.0,0.1,0.0967693004759557,0.7914705533266349,0.12226519365657261,150,"(50, 50, 50)",0.3,0.02,"(0.0, 0.5, 1.0, 2.0, 3.0, 4.0, 5.0, 8.0)",100.0,100,1,5000
28,2.0,0.1,0.0474025135836664,0.7743165762895117,0.06121851841376947,150,"(50, 50, 50)",0.3,0.02,"(0.0, 0.5, 1.0, 2.0, 3.0, 4.0, 5.0, 8.0)",100.0,100,1,5000
28,3.0,0.1,0.03609858344797917,0.7648215861537387,0.047198698495838354,150,"(50, 50, 50)",0.3,0.02,"(0.0, 0.5, 1.0, 2.0, 3.0, 4.0, 5.0, 8.0)",100.0,100,1,5000
28,4.0,0.1,0.07006169968055198,0.7277984790409485,0.09626524607866083,150,"(50, 50, 50)",0.3,0.02,"(0.0, 0.5, 1.0, 2.0, 3.0, 4.0, 5.0, 8.0)",100.0,100,1,5000
28,5.0,0.1,0.1283920668188327,0.6694435119839401,0.19178924662117391,150,"(50, 50, 50)",0.3,0.02,"(0.0, 0.5, 1.0, 2.0, 3.0, 4.0, 5.0, 8.0)",100.0,100,1,5000
28,8.0,0.1,0.195518766491513,0.6064107624485994,0.32241968414616584,150,"(50, 50, 50)",0.3,0.02,"(0.0, 0.5, 1.0, 2.0, 3.0, 4.0, 5.0, 8.0)",100.0,100,1,5000
29,0.0,0.1,0.266666666666669,0.6666666666666724,0.4,150,"(50, 50, 50)",0.3,0.02,"(0.0, 0.5, 1.0, 2.0, 3.0, 4.0, 5.0, 8.0)",100.0,100,1,5000
29,0.5,0.1,0.2645261657585014,0.7175404393115707,0.3686568049214,150,"(50, 50, 50)",0.3,0.02,"(0.0, 0.5, 1.0, 2.0, 3.0, 4.0, 5.0, 8.0)",100.0,100,1,5000
29,1.0,0.1,0.2475953285366615,0.7449007348538337,0.33238701071391114,150,"(50, 50, 50)",0.3,0.02,"(0.0, 0.5, 1.0, 2.0, 3.0, 4.0, 5.0, 8.0)",100.0,100,1,5000
29,2.0,0.1,0.28389773684713576,0.7148452187095774,0.39714574486435206,150,"(50, 50, 50)",0.3,0.02,"(0.0, 0.5, 1.0, 2.0, 3.0, 4.0, 5.0, 8.0)",100.0,100,1,5000
29,3.0,0.1,0.4422527816491577,0.5574773824361929,0.7933107164213546,150,"(50, 50, 50)",0.3,0.02,"(0.0, 0.5, 1.0, 2.0, 3.0, 4.0, 5.0, 8.0)",100.0,100,1,5000
29,4.0,0.1,0.5350451971862326,0.46362227633111275,1.1540541179779518,150,"(50, 50, 50)",0.3,0.02,"(0.0, 0.5, 1.0, 2.0, 3.0, 4.0, 5.0, 8.0)",100.0,100,1,5000
29,5.0,0.1,0.5365059294252063,0.4580550189978825,1.1712696230224833,150,"(50, 50, 50)",0.3,0.02,"(0.0, 0.5, 1.0, 2.0, 3.0, 4.0, 5.0, 8.0)",100.0,100,1,5000
29,8.0,0.1,0.5241987399055814,0.46159357689372155,1.135628323585348,150,"(50, 50, 50)",0.3,0.02,"(0.0, 0.5, 1.0, 2.0, 3.0, 4.0, 5.0, 8.0)",100.0,100,1,5000
30,0.0,0.1,0.26666666666666516,0.6666666666666626,0.4000000000000002,150,"(50, 50, 50)",0.3,0.02,"(0.0, 0.5, 1.0, 2.0, 3.0, 4.0, 5.0, 8.0)",100.0,100,1,5000
30,0.5,0.1,0.37099558953579326,0.5239436866711967,0.7080829466480684,150,"(50, 50, 50)",0.3,0.02,"(0.0, 0.5, 1.0, 2.0, 3.0, 4.0, 5.0, 8.0)",100.0,100,1,5000
30,1.0,0.1,0.4750352253298143,0.44460293206920287,1.068448251384619,150,"(50, 50, 50)",0.3,0.02,"(0.0, 0.5, 1.0, 2.0, 3.0, 4.0, 5.0, 8.0)",100.0,100,1,5000
30,2.0,0.1,0.5889346659953825,0.3657456362027088,1.6102301919713806,150,"(50, 50, 50)",0.3,0.02,"(0.0, 0.5, 1.0, 2.0, 3.0, 4.0, 5.0, 8.0)",100.0,100,1,5000
30,3.0,0.1,0.7174481631629075,0.2540818881984985,2.8236887259056007,150,"(50, 50, 50)",0.3,0.02,"(0.0, 0.5, 1.0, 2.0, 3.0, 4.0, 5.0, 8.0)",100.0,100,1,5000
30,4.0,0.1,0.8285904948135288,0.15432968613648884,5.368963778496414,150,"(50, 50, 50)",0.3,0.02,"(0.0, 0.5, 1.0, 2.0, 3.0, 4.0, 5.0, 8.0)",100.0,100,1,5000
30,5.0,0.1,0.8893008787674497,0.101303680152882,8.778564386065394,150,"(50, 50, 50)",0.3,0.02,"(0.0, 0.5, 1.0, 2.0, 3.0, 4.0, 5.0, 8.0)",100.0,100,1,5000
30,8.0,0.1,0.9414506878952031,0.05661121912546683,16.630107996944496,150,"(50, 50, 50)",0.3,0.02,"(0.0, 0.5, 1.0, 2.0, 3.0, 4.0, 5.0, 8.0)",100.0,100,1,5000
31,0.0,0.1,0.2666666666666653,0.666666666666663,0.40000000000000013,150,"(50, 50, 50)",0.3,0.02,"(0.0, 0.5, 1.0, 2.0, 3.0, 4.0, 5.0, 8.0)",100.0,100,1,5000
31,0.5,0.1,0.18286934120114196,0.6948337834765269,0.2631842975253372,150,"(50, 50, 50)",0.3,0.02,"(0.0, 0.5, 1.0, 2.0, 3.0, 4.0, 5.0, 8.0)",100.0,100,1,5000
31,1.0,0.1,0.21073589333280102,0.6445324951354473,0.32695929983873856,150,"(50, 50, 50)",0.3,0.02,"(0.0, 0.5, 1.0, 2.0, 3.0, 4.0, 5.0, 8.0)",100.0,100,1,5000
31,2.0,0.1,0.45159215610394227,0.21630713259146012,2.0877358536154498,150,"(50, 50, 50)",0.3,0.02,"(0.0, 0.5, 1.0, 2.0, 3.0, 4.0, 5.0, 8.0)",100.0,100,1,5000
31,3.0,0.1,0.491852800646818,0.11459012071954798,4.292279278163922,150,"(50, 50, 50)",0.3,0.02,"(0.0, 0.5, 1.0, 2.0, 3.0, 4.0, 5.0, 8.0)",100.0,100,1,5000
31,4.0,0.1,0.4847437005948785,0.10511377704848829,4.611609573988283,150,"(50, 50, 50)",0.3,0.02,"(0.0, 0.5, 1.0, 2.0, 3.0, 4.0, 5.0, 8.0)",100.0,100,1,5000
31,5.0,0.1,0.44329864736589863,0.10372291178204912,4.273873918015272,150,"(50, 50, 50)",0.3,0.02,"(0.0, 0.5, 1.0, 2.0, 3.0, 4.0, 5.0, 8.0)",100.0,100,1,5000
31,8.0,0.1,0.30493217953807367,0.10289565364724292,2.9635088434684755,150,"(50, 50, 50)",0.3,0.02,"(0.0, 0.5, 1.0, 2.0, 3.0, 4.0, 5.0, 8.0)",100.0,100,1,5000
32,0.0,0.1,0.26666666666665845,0.6666666666666461,0.4,150,"(50, 50, 50)",0.3,0.02,"(0.0, 0.5, 1.0, 2.0, 3.0, 4.0, 5.0, 8.0)",100.0,100,1,5000
32,0.5,0.1,0.38013540581547856,0.5603979676846136,0.67833116416549,150,"(50, 50, 50)",0.3,0.02,"(0.0, 0.5, 1.0, 2.0, 3.0, 4.0, 5.0, 8.0)",100.0,100,1,5000
32,1.0,0.1,0.4247211711845966,0.5303162535671821,0.8008828096964816,150,"(50, 50, 50)",0.3,0.02,"(0.0, 0.5, 1.0, 2.0, 3.0, 4.0, 5.0, 8.0)",100.0,100,1,5000
32,2.0,0.1,0.7167976459163728,0.24944379565139177,2.8735837828499364,150,"(50, 50, 50)",0.3,0.02,"(0.0, 0.5, 1.0, 2.0, 3.0, 4.0, 5.0, 8.0)",100.0,100,1,5000
32,3.0,0.1,0.8073434115298825,0.17817661927238534,4.531141149870321,150,"(50, 50, 50)",0.3,0.02,"(0.0, 0.5, 1.0, 2.0, 3.0, 4.0, 5.0, 8.0)",100.0,100,1,5000
32,4.0,0.1,0.8194102559296201,0.17560004832693438,4.666344136785383,150,"(50, 50, 50)",0.3,0.02,"(0.0, 0.5, 1.0, 2.0, 3.0, 4.0, 5.0, 8.0)",100.0,100,1,5000
32,5.0,0.1,0.8217364813189292,0.1763471246060758,4.659766827242146,150,"(50, 50, 50)",0.3,0.02,"(0.0, 0.5, 1.0, 2.0, 3.0, 4.0, 5.0, 8.0)",100.0,100,1,5000
32,8.0,0.1,0.8218570971726564,0.1776957702165586,4.625079686314737,150,"(50, 50, 50)",0.3,0.02,"(0.0, 0.5, 1.0, 2.0, 3.0, 4.0, 5.0, 8.0)",100.0,100,1,5000
33,0.0,0.1,0.26666666666666405,0.6666666666666601,0.4,150,"(50, 50, 50)",0.3,0.02,"(0.0, 0.5, 1.0, 2.0, 3.0, 4.0, 5.0, 8.0)",100.0,100,1,5000
33,0.5,0.1,0.23380363615543132,0.6032114909861449,0.3875981138442894,150,"(50, 50, 50)",0.3,0.02,"(0.0, 0.5, 1.0, 2.0, 3.0, 4.0, 5.0, 8.0)",100.0,100,1,5000
33,1.0,0.1,0.2252706116792207,0.5902603317178107,0.3816461984216774,150,"(50, 50, 50)",0.3,0.02,"(0.0, 0.5, 1.0, 2.0, 3.0, 4.0, 5.0, 8.0)",100.0,100,1,5000
33,2.0,0.1,0.1848619241334455,0.6097138544624723,0.30319456049825366,150,"(50, 50, 50)",0.3,0.02,"(0.0, 0.5, 1.0, 2.0, 3.0, 4.0, 5.0, 8.0)",100.0,100,1,5000
33,3.0,0.1,0.1886433012698723,0.5348126310006425,0.3527278346379326,150,"(50, 50, 50)",0.3,0.02,"(0.0, 0.5, 1.0, 2.0, 3.0, 4.0, 5.0, 8.0)",100.0,100,1,5000
33,4.0,0.1,0.21310817028118056,0.39784091206988115,0.5356617779011825,150,"(50, 50, 50)",0.3,0.02,"(0.0, 0.5, 1.0, 2.0, 3.0, 4.0, 5.0, 8.0)",100.0,100,1,5000
33,5.0,0.1,0.23785398436613286,0.2799783801933333,0.8495441119485286,150,"(50, 50, 50)",0.3,0.02,"(0.0, 0.5, 1.0, 2.0, 3.0, 4.0, 5.0, 8.0)",100.0,100,1,5000
33,8.0,0.1,0.3115657124291524,0.15044459462757398,2.0709664790578497,150,"(50, 50, 50)",0.3,0.02,"(0.0, 0.5, 1.0, 2.0, 3.0, 4.0, 5.0, 8.0)",100.0,100,1,5000
34,0.0,0.1,0.2666666666666635,0.6666666666666586,0.4000000000000001,150,"(50, 50, 50)",0.3,0.02,"(0.0, 0.5, 1.0, 2.0, 3.0, 4.0, 5.0, 8.0)",100.0,100,1,5000
34,0.5,0.1,0.26307324097674306,0.6062751954675218,0.433917209451192,150,"(50, 50, 50)",0.3,0.02,"(0.0, 0.5, 1.0, 2.0, 3.0, 4.0, 5.0, 8.0)",100.0,100,1,5000
34,1.0,0.1,0.21952417024925658,0.6099623498785004,0.35989790237542374,150,"(50, 50, 50)",0.3,0.02,"(0.0, 0.5, 1.0, 2.0, 3.0, 4.0, 5.0, 8.0)",100.0,100,1,5000
34,2.0,0.1,0.18434061336332,0.34237519500924635,0.5384169649274434,150,"(50, 50, 50)",0.3,0.02,"(0.0, 0.5, 1.0, 2.0, 3.0, 4.0, 5.0, 8.0)",100.0,100,1,5000
34,3.0,0.1,0.12598791162587375,0.1797623285179332,0.7008582535873478,150,"(50, 50, 50)",0.3,0.02,"(0.0, 0.5, 1.0, 2.0, 3.0, 4.0, 5.0, 8.0)",100.0,100,1,5000
34,4.0,0.1,0.10991972799444522,0.14485163072837842,0.7588435659420604,150,"(50, 50, 50)",0.3,0.02,"(0.0, 0.5, 1.0, 2.0, 3.0, 4.0, 5.0, 8.0)",100.0,100,1,5000
34,5.0,0.1,0.12346782607942375,0.13662943075149525,0.9036693295164925,150,"(50, 50, 50)",0.3,0.02,"(0.0, 0.5, 1.0, 2.0, 3.0, 4.0, 5.0, 8.0)",100.0,100,1,5000
34,8.0,0.1,0.29009298084991253,0.13377013711552543,2.1685929842427005,150,"(50, 50, 50)",0.3,0.02,"(0.0, 0.5, 1.0, 2.0, 3.0, 4.0, 5.0, 8.0)",100.0,100,1,5000
35,0.0,0.1,0.26666666666665984,0.6666666666666496,0.39999999999999997,150,"(50, 50, 50)",0.3,0.02,"(0.0, 0.5, 1.0, 2.0, 3.0, 4.0, 5.0, 8.0)",100.0,100,1,5000
35,0.5,0.1,0.3857215452346942,0.584982943636093,0.6593722935529628,150,"(50, 50, 50)",0.3,0.02,"(0.0, 0.5, 1.0, 2.0, 3.0, 4.0, 5.0, 8.0)",100.0,100,1,5000
35,1.0,0.1,0.36114513678437027,0.6322936476834796,0.5711667958510888,150,"(50, 50, 50)",0.3,0.02,"(0.0, 0.5, 1.0, 2.0, 3.0, 4.0, 5.0, 8.0)",100.0,100,1,5000
35,2.0,0.1,0.32442795595625895,0.6753562768387641,0.4803804555942752,150,"(50, 50, 50)",0.3,0.02,"(0.0, 0.5, 1.0, 2.0, 3.0, 4.0, 5.0, 8.0)",100.0,100,1,5000
35,3.0,0.1,0.47802959099639386,0.5219599918020893,0.9158356933564509,150,"(50, 50, 50)",0.3,0.02,"(0.0, 0.5, 1.0, 2.0, 3.0, 4.0, 5.0, 8.0)",100.0,100,1,5000
35,4.0,0.1,0.5484090410961427,0.45159034949849214,1.2143949526493898,150,"(50, 50, 50)",0.3,0.02,"(0.0, 0.5, 1.0, 2.0, 3.0, 4.0, 5.0, 8.0)",100.0,100,1,5000
35,5.0,0.1,0.5456633620026716,0.4543365850153669,1.2010112766600467,150,"(50, 50, 50)",0.3,0.02,"(0.0, 0.5, 1.0, 2.0, 3.0, 4.0, 5.0, 8.0)",100.0,100,1,5000
35,8.0,0.1,0.48542547420070453,0.5145745257563132,0.9433531002865603,150,"(50, 50, 50)",0.3,0.02,"(0.0, 0.5, 1.0, 2.0, 3.0, 4.0, 5.0, 8.0)",100.0,100,1,5000
36,0.0,0.1,0.2666666666666674,0.6666666666666684,0.4,150,"(50, 50, 50)",0.3,0.02,"(0.0, 0.5, 1.0, 2.0, 3.0, 4.0, 5.0, 8.0)",100.0,100,1,5000
36,0.5,0.1,0.2635570233503306,0.6741466314158012,0.3909491067200386,150,"(50, 50, 50)",0.3,0.02,"(0.0, 0.5, 1.0, 2.0, 3.0, 4.0, 5.0, 8.0)",100.0,100,1,5000
36,1.0,0.1,0.27622095498487964,0.6606053753814216,0.41813307199535676,150,"(50, 50, 50)",0.3,0.02,"(0.0, 0.5, 1.0, 2.0, 3.0, 4.0, 5.0, 8.0)",100.0,100,1,5000
36,2.0,0.1,0.4370766055809672,0.42164009535648067,1.036610631660719,150,"(50, 50, 50)",0.3,0.02,"(0.0, 0.5, 1.0, 2.0, 3.0, 4.0, 5.0, 8.0)",100.0,100,1,5000
36,3.0,0.1,0.6369635608113008,0.22079629689072433,2.8848471182763737,150,"(50, 50, 50)",0.3,0.02,"(0.0, 0.5, 1.0, 2.0, 3.0, 4.0, 5.0, 8.0)",100.0,100,1,5000
36,4.0,0.1,0.6735462348133902,0.18494145043848648,3.6419430755866107,150,"(50, 50, 50)",0.3,0.02,"(0.0, 0.5, 1.0, 2.0, 3.0, 4.0, 5.0, 8.0)",100.0,100,1,5000
36,5.0,0.1,0.6786913882710615,0.18028423247264827,3.764563206458051,150,"(50, 50, 50)",0.3,0.02,"(0.0, 0.5, 1.0, 2.0, 3.0, 4.0, 5.0, 8.0)",100.0,100,1,5000
36,8.0,0.1,0.6818642614823999,0.17798668674411766,3.8309846312420053,150,"(50, 50, 50)",0.3,0.02,"(0.0, 0.5, 1.0, 2.0, 3.0, 4.0, 5.0, 8.0)",100.0,100,1,5000
37,0.0,0.1,0.2666666666666625,0.6666666666666563,0.39999999999999997,150,"(50, 50, 50)",0.3,0.02,"(0.0, 0.5, 1.0, 2.0, 3.0, 4.0, 5.0, 8.0)",100.0,100,1,5000
37,0.5,0.1,0.36581588720116276,0.5180454617781052,0.7061463021904687,150,"(50, 50, 50)",0.3,0.02,"(0.0, 0.5, 1.0, 2.0, 3.0, 4.0, 5.0, 8.0)",100.0,100,1,5000
37,1.0,0.1,0.42942001456636103,0.4023894809912776,1.0671750501740114,150,"(50, 50, 50)",0.3,0.02,"(0.0, 0.5, 1.0, 2.0, 3.0, 4.0, 5.0, 8.0)",100.0,100,1,5000
37,2.0,0.1,0.5020862921221406,0.1827921495681635,2.7467606968258327,150,"(50, 50, 50)",0.3,0.02,"(0.0, 0.5, 1.0, 2.0, 3.0, 4.0, 5.0, 8.0)",100.0,100,1,5000
37,3.0,0.1,0.5179403183867872,0.12418236732723464,4.170804032282262,150,"(50, 50, 50)",0.3,0.02,"(0.0, 0.5, 1.0, 2.0, 3.0, 4.0, 5.0, 8.0)",100.0,100,1,5000
37,4.0,0.1,0.5323087103412706,0.108290153479566,4.915578131872493,150,"(50, 50, 50)",0.3,0.02,"(0.0, 0.5, 1.0, 2.0, 3.0, 4.0, 5.0, 8.0)",100.0,100,1,5000
37,5.0,0.1,0.5364610951198042,0.10436861955275989,5.140061231226836,150,"(50, 50, 50)",0.3,0.02,"(0.0, 0.5, 1.0, 2.0, 3.0, 4.0, 5.0, 8.0)",100.0,100,1,5000
37,8.0,0.1,0.5368413609223632,0.10375007916700253,5.174370614775437,150,"(50, 50, 50)",0.3,0.02,"(0.0, 0.5, 1.0, 2.0, 3.0, 4.0, 5.0, 8.0)",100.0,100,1,5000
38,0.0,0.1,0.2666666666666697,0.6666666666666741,0.40000000000000013,150,"(50, 50, 50)",0.3,0.02,"(0.0, 0.5, 1.0, 2.0, 3.0, 4.0, 5.0, 8.0)",100.0,100,1,5000
38,0.5,0.1,0.42403912663143445,0.5449274162873117,0.7781570791950406,150,"(50, 50, 50)",0.3,0.02,"(0.0, 0.5, 1.0, 2.0, 3.0, 4.0, 5.0, 8.0)",100.0,100,1,5000
38,1.0,0.1,0.4802756172274828,0.5021868737014181,0.9563683209948595,150,"(50, 50, 50)",0.3,0.02,"(0.0, 0.5, 1.0, 2.0, 3.0, 4.0, 5.0, 8.0)",100.0,100,1,5000
38,2.0,0.1,0.5875250944753889,0.4081662708039886,1.4394258822957295,150,"(50, 50, 50)",0.3,0.02,"(0.0, 0.5, 1.0, 2.0, 3.0, 4.0, 5.0, 8.0)",100.0,100,1,5000
38,3.0,0.1,0.6456727420747781,0.35354701727914695,1.8262712185886723,150,"(50, 50, 50)",0.3,0.02,"(0.0, 0.5, 1.0, 2.0, 3.0, 4.0, 5.0, 8.0)",100.0,100,1,5000
38,4.0,0.1,0.6593548816577195,0.34052642339807204,1.9362811116919996,150,"(50, 50, 50)",0.3,0.02,"(0.0, 0.5, 1.0, 2.0, 3.0, 4.0, 5.0, 8.0)",100.0,100,1,5000
38,5.0,0.1,0.664020537651264,0.335961297993958,1.9764792600104963,150,"(50, 50, 50)",0.3,0.02,"(0.0, 0.5, 1.0, 2.0, 3.0, 4.0, 5.0, 8.0)",100.0,100,1,5000
38,8.0,0.1,0.6790447138560259,0.3209550797395203,2.115700160929445,150,"(50, 50, 50)",0.3,0.02,"(0.0, 0.5, 1.0, 2.0, 3.0, 4.0, 5.0, 8.0)",100.0,100,1,5000
39,0.0,0.1,0.266666666666669,0.6666666666666724,0.4,150,"(50, 50, 50)",0.3,0.02,"(0.0, 0.5, 1.0, 2.0, 3.0, 4.0, 5.0, 8.0)",100.0,100,1,5000
39,0.5,0.1,0.2871053566136032,0.6779303554491689,0.4235027304882652,150,"(50, 50, 50)",0.3,0.02,"(0.0, 0.5, 1.0, 2.0, 3.0, 4.0, 5.0, 8.0)",100.0,100,1,5000
39,1.0,0.1,0.2742709737835338,0.6949235518819126,0.3946779081537595,150,"(50, 50, 50)",0.3,0.02,"(0.0, 0.5, 1.0, 2.0, 3.0, 4.0, 5.0, 8.0)",100.0,100,1,5000
39,2.0,0.1,0.33145340618172037,0.6432388950053359,0.5152881903681692,150,"(50, 50, 50)",0.3,0.02,"(0.0, 0.5, 1.0, 2.0, 3.0, 4.0, 5.0, 8.0)",100.0,100,1,5000
39,3.0,0.1,0.4990675165012897,0.46255753097738406,1.0789306909494265,150,"(50, 50, 50)",0.3,0.02,"(0.0, 0.5, 1.0, 2.0, 3.0, 4.0, 5.0, 8.0)",100.0,100,1,5000
39,4.0,0.1,0.5802059794290245,0.39160841264003277,1.4815973321858922,150,"(50, 50, 50)",0.3,0.02,"(0.0, 0.5, 1.0, 2.0, 3.0, 4.0, 5.0, 8.0)",100.0,100,1,5000
39,5.0,0.1,0.6013023087712012,0.38281765856012023,1.5707277219991895,150,"(50, 50, 50)",0.3,0.02,"(0.0, 0.5, 1.0, 2.0, 3.0, 4.0, 5.0, 8.0)",100.0,100,1,5000
39,8.0,0.1,0.5974374835719286,0.40042298629807527,1.492015953168072,150,"(50, 50, 50)",0.3,0.02,"(0.0, 0.5, 1.0, 2.0, 3.0, 4.0, 5.0, 8.0)",100.0,100,1,5000
40,0.0,0.1,0.2666666666666774,0.6666666666666934,0.4,150,"(50, 50, 50)",0.3,0.02,"(0.0, 0.5, 1.0, 2.0, 3.0, 4.0, 5.0, 8.0)",100.0,100,1,5000
40,0.5,0.1,0.11764915170870155,0.7434271755305045,0.15825242280758425,150,"(50, 50, 50)",0.3,0.02,"(0.0, 0.5, 1.0, 2.0, 3.0, 4.0, 5.0, 8.0)",100.0,100,1,5000
40,1.0,0.1,0.05563749245114025,0.7607459317991323,0.07313544525904976,150,"(50, 50, 50)",0.3,0.02,"(0.0, 0.5, 1.0, 2.0, 3.0, 4.0, 5.0, 8.0)",100.0,100,1,5000
40,2.0,0.1,0.030840303587206234,0.611085358586785,0.050468078074278326,150,"(50, 50, 50)",0.3,0.02,"(0.0, 0.5, 1.0, 2.0, 3.0, 4.0, 5.0, 8.0)",100.0,100,1,5000
40,3.0,0.1,0.07548977499338207,0.3763764165446877,0.2005698860901373,150,"(50, 50, 50)",0.3,0.02,"(0.0, 0.5, 1.0, 2.0, 3.0, 4.0, 5.0, 8.0)",100.0,100,1,5000
40,4.0,0.1,0.1571187940836097,0.2768145008266317,0.5675959663038492,150,"(50, 50, 50)",0.3,0.02,"(0.0, 0.5, 1.0, 2.0, 3.0, 4.0, 5.0, 8.0)",100.0,100,1,5000
40,5.0,0.1,0.21661614393607592,0.23654056727335615,0.9157674154291905,150,"(50, 50, 50)",0.3,0.02,"(0.0, 0.5, 1.0, 2.0, 3.0, 4.0, 5.0, 8.0)",100.0,100,1,5000
40,8.0,0.1,0.2537225793090536,0.21556583844630034,1.1770073641434542,150,"(50, 50, 50)",0.3,0.02,"(0.0, 0.5, 1.0, 2.0, 3.0, 4.0, 5.0, 8.0)",100.0,100,1,5000
41,0.0,0.1,0.26666666666667005,0.666666666666675,0.4000000000000001,150,"(50, 50, 50)",0.3,0.02,"(0.0, 0.5, 1.0, 2.0, 3.0, 4.0, 5.0, 8.0)",100.0,100,1,5000
41,0.5,0.1,0.2554178204338603,0.6448414148743734,0.3960940078323292,150,"(50, 50, 50)",0.3,0.02,"(0.0, 0.5, 1.0, 2.0, 3.0, 4.0, 5.0, 8.0)",100.0,100,1,5000
41,1.0,0.1,0.21007233187227647,0.6751344439473153,0.3111562945063867,150,"(50, 50, 50)",0.3,0.02,"(0.0, 0.5, 1.0, 2.0, 3.0, 4.0, 5.0, 8.0)",100.0,100,1,5000
41,2.0,0.1,0.1886915118197967,0.6744433287454104,0.27977370933566487,150,"(50, 50, 50)",0.3,0.02,"(0.0, 0.5, 1.0, 2.0, 3.0, 4.0, 5.0, 8.0)",100.0,100,1,5000
41,3.0,0.1,0.2238414191904391,0.4843286507564488,0.4621684445899129,150,"(50, 50, 50)",0.3,0.02,"(0.0, 0.5, 1.0, 2.0, 3.0, 4.0, 5.0, 8.0)",100.0,100,1,5000
41,4.0,0.1,0.2706530760464775,0.3565664228658645,0.7590537377892521,150,"(50, 50, 50)",0.3,0.02,"(0.0, 0.5, 1.0, 2.0, 3.0, 4.0, 5.0, 8.0)",100.0,100,1,5000
41,5.0,0.1,0.3018867862114138,0.30877553736903873,0.9776901006591344,150,"(50, 50, 50)",0.3,0.02,"(0.0, 0.5, 1.0, 2.0, 3.0, 4.0, 5.0, 8.0)",100.0,100,1,5000
41,8.0,0.1,0.3183994600875282,0.2902587504023811,1.0969504266318795,150,"(50, 50, 50)",0.3,0.02,"(0.0, 0.5, 1.0, 2.0, 3.0, 4.0, 5.0, 8.0)",100.0,100,1,5000
42,0.0,0.1,0.2666666666666696,0.6666666666666738,0.4000000000000001,150,"(50, 50, 50)",0.3,0.02,"(0.0, 0.5, 1.0, 2.0, 3.0, 4.0, 5.0, 8.0)",100.0,100,1,5000
42,0.5,0.1,0.2734443169435584,0.6151634733474158,0.44450675111708027,150,"(50, 50, 50)",0.3,0.02,"(0.0, 0.5, 1.0, 2.0, 3.0, 4.0, 5.0, 8.0)",100.0,100,1,5000
42,1.0,0.1,0.25390963256500454,0.6300652652045694,0.4029894148863535,150,"(50, 50, 50)",0.3,0.02,"(0.0, 0.5, 1.0, 2.0, 3.0, 4.0, 5.0, 8.0)",100.0,100,1,5000
42,2.0,0.1,0.4395398917013314,0.3989040851528999,1.1018686146893075,150,"(50, 50, 50)",0.3,0.02,"(0.0, 0.5, 1.0, 2.0, 3.0, 4.0, 5.0, 8.0)",100.0,100,1,5000
42,3.0,0.1,0.6267354892184296,0.16478131696789514,3.8034377971413984,150,"(50, 50, 50)",0.3,0.02,"(0.0, 0.5, 1.0, 2.0, 3.0, 4.0, 5.0, 8.0)",100.0,100,1,5000
42,4.0,0.1,0.605669445666883,0.10200591425636898,5.937591463027023,150,"(50, 50, 50)",0.3,0.02,"(0.0, 0.5, 1.0, 2.0, 3.0, 4.0, 5.0, 8.0)",100.0,100,1,5000
42,5.0,0.1,0.5416056973977494,0.08262870710976933,6.554691660348084,150,"(50, 50, 50)",0.3,0.02,"(0.0, 0.5, 1.0, 2.0, 3.0, 4.0, 5.0, 8.0)",100.0,100,1,5000
42,8.0,0.1,0.47357101044818817,0.0753118921784589,6.288130556141323,150,"(50, 50, 50)",0.3,0.02,"(0.0, 0.5, 1.0, 2.0, 3.0, 4.0, 5.0, 8.0)",100.0,100,1,5000
43,0.0,0.1,0.2666666666666682,0.6666666666666705,0.4,150,"(50, 50, 50)",0.3,0.02,"(0.0, 0.5, 1.0, 2.0, 3.0, 4.0, 5.0, 8.0)",100.0,100,1,5000
43,0.5,0.1,0.3281765345050021,0.6597681143334113,0.49741193515629545,150,"(50, 50, 50)",0.3,0.02,"(0.0, 0.5, 1.0, 2.0, 3.0, 4.0, 5.0, 8.0)",100.0,100,1,5000
43,1.0,0.1,0.3430297116329823,0.6554684646705384,0.5233351871556492,150,"(50, 50, 50)",0.3,0.02,"(0.0, 0.5, 1.0, 2.0, 3.0, 4.0, 5.0, 8.0)",100.0,100,1,5000
43,2.0,0.1,0.5357671471407334,0.46419170232036017,1.1541937188075277,150,"(50, 50, 50)",0.3,0.02,"(0.0, 0.5, 1.0, 2.0, 3.0, 4.0, 5.0, 8.0)",100.0,100,1,5000
43,3.0,0.1,0.6758010320642681,0.32419787572671027,2.0845325730448323,150,"(50, 50, 50)",0.3,0.02,"(0.0, 0.5, 1.0, 2.0, 3.0, 4.0, 5.0, 8.0)",100.0,100,1,5000
43,4.0,0.1,0.725452088706787,0.2745478886415183,2.6423517306812063,150,"(50, 50, 50)",0.3,0.02,"(0.0, 0.5, 1.0, 2.0, 3.0, 4.0, 5.0, 8.0)",100.0,100,1,5000
43,5.0,0.1,0.736794303865189,0.263205695690227,2.799309877899981,150,"(50, 50, 50)",0.3,0.02,"(0.0, 0.5, 1.0, 2.0, 3.0, 4.0, 5.0, 8.0)",100.0,100,1,5000
43,8.0,0.1,0.7332839207251423,0.26671607927487734,2.7493052639298154,150,"(50, 50, 50)",0.3,0.02,"(0.0, 0.5, 1.0, 2.0, 3.0, 4.0, 5.0, 8.0)",100.0,100,1,5000
44,0.0,0.1,0.26666666666666144,0.6666666666666534,0.40000000000000013,150,"(50, 50, 50)",0.3,0.02,"(0.0, 0.5, 1.0, 2.0, 3.0, 4.0, 5.0, 8.0)",100.0,100,1,5000
44,0.5,0.1,0.2647672368924862,0.6852964034893746,0.3863543359404065,150,"(50, 50, 50)",0.3,0.02,"(0.0, 0.5, 1.0, 2.0, 3.0, 4.0, 5.0, 8.0)",100.0,100,1,5000
44,1.0,0.1,0.2155917822746557,0.7420963072224539,0.2905172552085332,150,"(50, 50, 50)",0.3,0.02,"(0.0, 0.5, 1.0, 2.0, 3.0, 4.0, 5.0, 8.0)",100.0,100,1,5000
44,2.0,0.1,0.16050988802264832,0.8210708361203535,0.1954884779260636,150,"(50, 50, 50)",0.3,0.02,"(0.0, 0.5, 1.0, 2.0, 3.0, 4.0, 5.0, 8.0)",100.0,100,1,5000
44,3.0,0.1,0.15266114067166975,0.8404223506504084,0.18164812079726853,150,"(50, 50, 50)",0.3,0.02,"(0.0, 0.5, 1.0, 2.0, 3.0, 4.0, 5.0, 8.0)",100.0,100,1,5000
44,4.0,0.1,0.21105627444053882,0.7858121385333674,0.26858362716876877,150,"(50, 50, 50)",0.3,0.02,"(0.0, 0.5, 1.0, 2.0, 3.0, 4.0, 5.0, 8.0)",100.0,100,1,5000
44,5.0,0.1,0.35063184759572275,0.6474695921739967,0.5415417987714491,150,"(50, 50, 50)",0.3,0.02,"(0.0, 0.5, 1.0, 2.0, 3.0, 4.0, 5.0, 8.0)",100.0,100,1,5000
44,8.0,0.1,0.6334427434625985,0.3663880450483822,1.7288848586174566,150,"(50, 50, 50)",0.3,0.02,"(0.0, 0.5, 1.0, 2.0, 3.0, 4.0, 5.0, 8.0)",100.0,100,1,5000
45,0.0,0.1,0.2666666666666694,0.6666666666666735,0.39999999999999997,150,"(50, 50, 50)",0.3,0.02,"(0.0, 0.5, 1.0, 2.0, 3.0, 4.0, 5.0, 8.0)",100.0,100,1,5000
45,0.5,0.1,0.21203594462598022,0.7316415233860124,0.2898085166690444,150,"(50, 50, 50)",0.3,0.02,"(0.0, 0.5, 1.0, 2.0, 3.0, 4.0, 5.0, 8.0)",100.0,100,1,5000
45,1.0,0.1,0.1783217396662933,0.7991804938486392,0.22313074585635037,150,"(50, 50, 50)",0.3,0.02,"(0.0, 0.5, 1.0, 2.0, 3.0, 4.0, 5.0, 8.0)",100.0,100,1,5000
45,2.0,0.1,0.15169614227134257,0.8450053624065567,0.17952092261203562,150,"(50, 50, 50)",0.3,0.02,"(0.0, 0.5, 1.0, 2.0, 3.0, 4.0, 5.0, 8.0)",100.0,100,1,5000
45,3.0,0.1,0.3756059646702055,0.6227201355149442,0.60316977603367,150,"(50, 50, 50)",0.3,0.02,"(0.0, 0.5, 1.0, 2.0, 3.0, 4.0, 5.0, 8.0)",100.0,100,1,5000
45,4.0,0.1,0.5355363899035015,0.46410686960910724,1.1539074833228726,150,"(50, 50, 50)",0.3,0.02,"(0.0, 0.5, 1.0, 2.0, 3.0, 4.0, 5.0, 8.0)",100.0,100,1,5000
45,5.0,0.1,0.5740938835079484,0.4256568512939423,1.3487246399600443,150,"(50, 50, 50)",0.3,0.02,"(0.0, 0.5, 1.0, 2.0, 3.0, 4.0, 5.0, 8.0)",100.0,100,1,5000
45,8.0,0.1,0.6040134519339819,0.39565322037624784,1.5266233682101542,150,"(50, 50, 50)",0.3,0.02,"(0.0, 0.5, 1.0, 2.0, 3.0, 4.0, 5.0, 8.0)",100.0,100,1,5000
46,0.0,0.1,0.26666666666666794,0.6666666666666698,0.4,150,"(50, 50, 50)",0.3,0.02,"(0.0, 0.5, 1.0, 2.0, 3.0, 4.0, 5.0, 8.0)",100.0,100,1,5000
46,0.5,0.1,0.3378116394328645,0.6451787870290382,0.5235938413109362,150,"(50, 50, 50)",0.3,0.02,"(0.0, 0.5, 1.0, 2.0, 3.0, 4.0, 5.0, 8.0)",100.0,100,1,5000
46,1.0,0.1,0.35038358121663515,0.6473966420547268,0.5412193367339337,150,"(50, 50, 50)",0.3,0.02,"(0.0, 0.5, 1.0, 2.0, 3.0, 4.0, 5.0, 8.0)",100.0,100,1,5000
46,2.0,0.1,0.5414434365108279,0.4585118508131355,1.1808711935157612,150,"(50, 50, 50)",0.3,0.02,"(0.0, 0.5, 1.0, 2.0, 3.0, 4.0, 5.0, 8.0)",100.0,100,1,5000
46,3.0,0.1,0.6957113509476424,0.30428792669717636,2.2863587080140904,150,"(50, 50, 50)",0.3,0.02,"(0.0, 0.5, 1.0, 2.0, 3.0, 4.0, 5.0, 8.0)",100.0,100,1,5000
46,4.0,0.1,0.7833846734702342,0.21661529884426864,3.6164789728607,150,"(50, 50, 50)",0.3,0.02,"(0.0, 0.5, 1.0, 2.0, 3.0, 4.0, 5.0, 8.0)",100.0,100,1,5000
46,5.0,0.1,0.8070996421916916,0.19290035635584776,4.184023593522119,150,"(50, 50, 50)",0.3,0.02,"(0.0, 0.5, 1.0, 2.0, 3.0, 4.0, 5.0, 8.0)",100.0,100,1,5000
46,8.0,0.1,0.8118429813773818,0.18815701862247128,4.314710061421141,150,"(50, 50, 50)",0.3,0.02,"(0.0, 0.5, 1.0, 2.0, 3.0, 4.0, 5.0, 8.0)",100.0,100,1,5000
47,0.0,0.1,0.2666666666666658,0.6666666666666643,0.4000000000000001,150,"(50, 50, 50)",0.3,0.02,"(0.0, 0.5, 1.0, 2.0, 3.0, 4.0, 5.0, 8.0)",100.0,100,1,5000
47,0.5,0.1,0.2992536934760529,0.6025174231152994,0.49667226539071696,150,"(50, 50, 50)",0.3,0.02,"(0.0, 0.5, 1.0, 2.0, 3.0, 4.0, 5.0, 8.0)",100.0,100,1,5000
47,1.0,0.1,0.30348594287703035,0.6233009683629551,0.48690112526875956,150,"(50, 50, 50)",0.3,0.02,"(0.0, 0.5, 1.0, 2.0, 3.0, 4.0, 5.0, 8.0)",100.0,100,1,5000
47,2.0,0.1,0.3027611260662561,0.6667176853265528,0.4541069372083121,150,"(50, 50, 50)",0.3,0.02,"(0.0, 0.5, 1.0, 2.0, 3.0, 4.0, 5.0, 8.0)",100.0,100,1,5000
47,3.0,0.1,0.30850472543646623,0.6780044413081819,0.45501873828616657,150,"(50, 50, 50)",0.3,0.02,"(0.0, 0.5, 1.0, 2.0, 3.0, 4.0, 5.0, 8.0)",100.0,100,1,5000
47,4.0,0.1,0.3970312253937491,0.5953852517679807,0.6668475986174924,150,"(50, 50, 50)",0.3,0.02,"(0.0, 0.5, 1.0, 2.0, 3.0, 4.0, 5.0, 8.0)",100.0,100,1,5000
47,5.0,0.1,0.5282452414266693,0.46720090939549397,1.1306597029319996,150,"(50, 50, 50)",0.3,0.02,"(0.0, 0.5, 1.0, 2.0, 3.0, 4.0, 5.0, 8.0)",100.0,100,1,5000
47,8.0,0.1,0.715137697443157,0.2842382392854209,2.5159799020744837,150,"(50, 50, 50)",0.3,0.02,"(0.0, 0.5, 1.0, 2.0, 3.0, 4.0, 5.0, 8.0)",100.0,100,1,5000
48,0.0,0.1,0.26666666666667027,0.6666666666666754,0.4000000000000002,150,"(50, 50, 50)",0.3,0.02,"(0.0, 0.5, 1.0, 2.0, 3.0, 4.0, 5.0, 8.0)",100.0,100,1,5000
48,0.5,0.1,0.20641431766360674,0.6192851385801071,0.3333106267282178,150,"(50, 50, 50)",0.3,0.02,"(0.0, 0.5, 1.0, 2.0, 3.0, 4.0, 5.0, 8.0)",100.0,100,1,5000
48,1.0,0.1,0.2596105394687972,0.4169958088056584,0.6225734983101212,150,"(50, 50, 50)",0.3,0.02,"(0.0, 0.5, 1.0, 2.0, 3.0, 4.0, 5.0, 8.0)",100.0,100,1,5000
48,2.0,0.1,0.25849342619629584,0.23412309044488153,1.1040919787326646,150,"(50, 50, 50)",0.3,0.02,"(0.0, 0.5, 1.0, 2.0, 3.0, 4.0, 5.0, 8.0)",100.0,100,1,5000
48,3.0,0.1,0.25757973914720256,0.2170294078402195,1.1868425653026564,150,"(50, 50, 50)",0.3,0.02,"(0.0, 0.5, 1.0, 2.0, 3.0, 4.0, 5.0, 8.0)",100.0,100,1,5000
48,4.0,0.1,0.268912615463201,0.21190991856742714,1.2689949450272489,150,"(50, 50, 50)",0.3,0.02,"(0.0, 0.5, 1.0, 2.0, 3.0, 4.0, 5.0, 8.0)",100.0,100,1,5000
48,5.0,0.1,0.2900214941253529,0.20917813585383452,1.3864809194399195,150,"(50, 50, 50)",0.3,0.02,"(0.0, 0.5, 1.0, 2.0, 3.0, 4.0, 5.0, 8.0)",100.0,100,1,5000
48,8.0,0.1,0.33032764223782746,0.20704752157907896,1.5954194463113307,150,"(50, 50, 50)",0.3,0.02,"(0.0, 0.5, 1.0, 2.0, 3.0, 4.0, 5.0, 8.0)",100.0,100,1,5000
49,0.0,0.1,0.26666666666666816,0.6666666666666705,0.3999999999999999,150,"(50, 50, 50)",0.3,0.02,"(0.0, 0.5, 1.0, 2.0, 3.0, 4.0, 5.0, 8.0)",100.0,100,1,5000
49,0.5,0.1,0.35464894493445354,0.5801567249577123,0.6112985158627678,150,"(50, 50, 50)",0.3,0.02,"(0.0, 0.5, 1.0, 2.0, 3.0, 4.0, 5.0, 8.0)",100.0,100,1,5000
49,1.0,0.1,0.4250006441087385,0.5083634706431132,0.8360172763221653,150,"(50, 50, 50)",0.3,0.02,"(0.0, 0.5, 1.0, 2.0, 3.0, 4.0, 5.0, 8.0)",100.0,100,1,5000
49,2.0,0.1,0.57048526684513,0.3126939542265515,1.8244205208771156,150,"(50, 50, 50)",0.3,0.02,"(0.0, 0.5, 1.0, 2.0, 3.0, 4.0, 5.0, 8.0)",100.0,100,1,5000
49,3.0,0.1,0.6434873494511923,0.15513951591354694,4.147797842877003,150,"(50, 50, 50)",0.3,0.02,"(0.0, 0.5, 1.0, 2.0, 3.0, 4.0, 5.0, 8.0)",100.0,100,1,5000
49,4.0,0.1,0.6630537528714701,0.11812220646859495,5.613286211748471,150,"(50, 50, 50)",0.3,0.02,"(0.0, 0.5, 1.0, 2.0, 3.0, 4.0, 5.0, 8.0)",100.0,100,1,5000
49,5.0,0.1,0.6670264145005336,0.11150885956020362,5.98182437818231,150,"(50, 50, 50)",0.3,0.02,"(0.0, 0.5, 1.0, 2.0, 3.0, 4.0, 5.0, 8.0)",100.0,100,1,5000
49,8.0,0.1,0.6710571451766876,0.10739773395231822,6.248336165776267,150,"(50, 50, 50)",0.3,0.02,"(0.0, 0.5, 1.0, 2.0, 3.0, 4.0, 5.0, 8.0)",100.0,100,1,5000
50,0.0,0.1,0.2666666666666608,0.6666666666666518,0.40000000000000013,150,"(50, 50, 50)",0.3,0.02,"(0.0, 0.5, 1.0, 2.0, 3.0, 4.0, 5.0, 8.0)",100.0,100,1,5000
50,0.5,0.1,0.3014405915349785,0.6893444242187667,0.4372858921381728,150,"(50, 50, 50)",0.3,0.02,"(0.0, 0.5, 1.0, 2.0, 3.0, 4.0, 5.0, 8.0)",100.0,100,1,5000
50,1.0,0.1,0.3423601745215481,0.6566027316795504,0.5214114380027194,150,"(50, 50, 50)",0.3,0.02,"(0.0, 0.5, 1.0, 2.0, 3.0, 4.0, 5.0, 8.0)",100.0,100,1,5000
50,2.0,0.1,0.5581837520173334,0.4418033375426447,1.263421311215095,150,"(50, 50, 50)",0.3,0.02,"(0.0, 0.5, 1.0, 2.0, 3.0, 4.0, 5.0, 8.0)",100.0,100,1,5000
50,3.0,0.1,0.6248267201516357,0.37517316153288227,1.6654355487442625,150,"(50, 50, 50)",0.3,0.02,"(0.0, 0.5, 1.0, 2.0, 3.0, 4.0, 5.0, 8.0)",100.0,100,1,5000
50,4.0,0.1,0.6810740079985047,0.31892599093914675,2.1355236868369825,150,"(50, 50, 50)",0.3,0.02,"(0.0, 0.5, 1.0, 2.0, 3.0, 4.0, 5.0, 8.0)",100.0,100,1,5000
50,5.0,0.1,0.7341264663378197,0.2658735336526569,2.761186705017803,150,"(50, 50, 50)",0.3,0.02,"(0.0, 0.5, 1.0, 2.0, 3.0, 4.0, 5.0, 8.0)",100.0,100,1,5000
50,8.0,0.1,0.782176204735886,0.2178237952641038,3.590866662604627,150,"(50, 50, 50)",0.3,0.02,"(0.0, 0.5, 1.0, 2.0, 3.0, 4.0, 5.0, 8.0)",100.0,100,1,5000
51,0.0,0.1,0.26666666666666816,0.6666666666666705,0.3999999999999999,150,"(50, 50, 50)",0.3,0.02,"(0.0, 0.5, 1.0, 2.0, 3.0, 4.0, 5.0, 8.0)",100.0,100,1,5000
51,0.5,0.1,0.3041258281060467,0.658788555582955,0.461644067020759,150,"(50, 50, 50)",0.3,0.02,"(0.0, 0.5, 1.0, 2.0, 3.0, 4.0, 5.0, 8.0)",100.0,100,1,5000
51,1.0,0.1,0.39644943438584684,0.5673301487565368,0.6987984602171717,150,"(50, 50, 50)",0.3,0.02,"(0.0, 0.5, 1.0, 2.0, 3.0, 4.0, 5.0, 8.0)",100.0,100,1,5000
51,2.0,0.1,0.6440924739681362,0.3228521612659761,1.995007471662895,150,"(50, 50, 50)",0.3,0.02,"(0.0, 0.5, 1.0, 2.0, 3.0, 4.0, 5.0, 8.0)",100.0,100,1,5000
51,3.0,0.1,0.6256105062924836,0.20404681615846043,3.0660145454396193,150,"(50, 50, 50)",0.3,0.02,"(0.0, 0.5, 1.0, 2.0, 3.0, 4.0, 5.0, 8.0)",100.0,100,1,5000
51,4.0,0.1,0.5581161277840309,0.18305745159324613,3.048857737974882,150,"(50, 50, 50)",0.3,0.02,"(0.0, 0.5, 1.0, 2.0, 3.0, 4.0, 5.0, 8.0)",100.0,100,1,5000
51,5.0,0.1,0.5411278985527155,0.1792011343378572,3.0196678193593294,150,"(50, 50, 50)",0.3,0.02,"(0.0, 0.5, 1.0, 2.0, 3.0, 4.0, 5.0, 8.0)",100.0,100,1,5000
51,8.0,0.1,0.537730471212848,0.17756638845286077,3.028334787332803,150,"(50, 50, 50)",0.3,0.02,"(0.0, 0.5, 1.0, 2.0, 3.0, 4.0, 5.0, 8.0)",100.0,100,1,5000
52,0.0,0.1,0.2666666666666655,0.6666666666666637,0.4,150,"(50, 50, 50)",0.3,0.02,"(0.0, 0.5, 1.0, 2.0, 3.0, 4.0, 5.0, 8.0)",100.0,100,1,5000
52,0.5,0.1,0.24232762511997014,0.7309369922843822,0.33153011501392016,150,"(50, 50, 50)",0.3,0.02,"(0.0, 0.5, 1.0, 2.0, 3.0, 4.0, 5.0, 8.0)",100.0,100,1,5000
52,1.0,0.1,0.2361373336529676,0.7528232613728574,0.313669018704795,150,"(50, 50, 50)",0.3,0.02,"(0.0, 0.5, 1.0, 2.0, 3.0, 4.0, 5.0, 8.0)",100.0,100,1,5000
52,2.0,0.1,0.3449518123981627,0.6531298167404095,0.5281519899362762,150,"(50, 50, 50)",0.3,0.02,"(0.0, 0.5, 1.0, 2.0, 3.0, 4.0, 5.0, 8.0)",100.0,100,1,5000
52,3.0,0.1,0.42226879132787015,0.5754615458126515,0.7337915007536314,150,"(50, 50, 50)",0.3,0.02,"(0.0, 0.5, 1.0, 2.0, 3.0, 4.0, 5.0, 8.0)",100.0,100,1,5000
52,4.0,0.1,0.43560018205342815,0.5326242364251266,0.8178377029500092,150,"(50, 50, 50)",0.3,0.02,"(0.0, 0.5, 1.0, 2.0, 3.0, 4.0, 5.0, 8.0)",100.0,100,1,5000
52,5.0,0.1,0.4408604704612519,0.4694239440445774,0.9391520736304557,150,"(50, 50, 50)",0.3,0.02,"(0.0, 0.5, 1.0, 2.0, 3.0, 4.0, 5.0, 8.0)",100.0,100,1,5000
52,8.0,0.1,0.5100937361354291,0.32761088413462675,1.557010956711114,150,"(50, 50, 50)",0.3,0.02,"(0.0, 0.5, 1.0, 2.0, 3.0, 4.0, 5.0, 8.0)",100.0,100,1,5000
53,0.0,0.1,0.26666666666665867,0.6666666666666468,0.39999999999999997,150,"(50, 50, 50)",0.3,0.02,"(0.0, 0.5, 1.0, 2.0, 3.0, 4.0, 5.0, 8.0)",100.0,100,1,5000
53,0.5,0.1,0.2958954391018729,0.6410853593553452,0.46155388636454875,150,"(50, 50, 50)",0.3,0.02,"(0.0, 0.5, 1.0, 2.0, 3.0, 4.0, 5.0, 8.0)",100.0,100,1,5000
53,1.0,0.1,0.2906718041491317,0.648217817718717,0.44841686884217014,150,"(50, 50, 50)",0.3,0.02,"(0.0, 0.5, 1.0, 2.0, 3.0, 4.0, 5.0, 8.0)",100.0,100,1,5000
53,2.0,0.1,0.3183928289152742,0.632291599809738,0.5035537859605937,150,"(50, 50, 50)",0.3,0.02,"(0.0, 0.5, 1.0, 2.0, 3.0, 4.0, 5.0, 8.0)",100.0,100,1,5000
53,3.0,0.1,0.32949389100979504,0.6381043461202871,0.5163636527679802,150,"(50, 50, 50)",0.3,0.02,"(0.0, 0.5, 1.0, 2.0, 3.0, 4.0, 5.0, 8.0)",100.0,100,1,5000
53,4.0,0.1,0.3561854860386179,0.6234864521854654,0.5712802335802241,150,"(50, 50, 50)",0.3,0.02,"(0.0, 0.5, 1.0, 2.0, 3.0, 4.0, 5.0, 8.0)",100.0,100,1,5000
53,5.0,0.1,0.40276830770581173,0.5846158723561244,0.6889452147143578,150,"(50, 50, 50)",0.3,0.02,"(0.0, 0.5, 1.0, 2.0, 3.0, 4.0, 5.0, 8.0)",100.0,100,1,5000
53,8.0,0.1,0.49783919740282745,0.4999162379641761,0.9958452228521181,150,"(50, 50, 50)",0.3,0.02,"(0.0, 0.5, 1.0, 2.0, 3.0, 4.0, 5.0, 8.0)",100.0,100,1,5000
54,0.0,0.1,0.26666666666666994,0.6666666666666748,0.4,150,"(50, 50, 50)",0.3,0.02,"(0.0, 0.5, 1.0, 2.0, 3.0, 4.0, 5.0, 8.0)",100.0,100,1,5000
54,0.5,0.1,0.2977973011103683,0.646833880447379,0.46039224306617715,150,"(50, 50, 50)",0.3,0.02,"(0.0, 0.5, 1.0, 2.0, 3.0, 4.0, 5.0, 8.0)",100.0,100,1,5000
54,1.0,0.1,0.42691549278225827,0.5413104105394957,0.7886703903528735,150,"(50, 50, 50)",0.3,0.02,"(0.0, 0.5, 1.0, 2.0, 3.0, 4.0, 5.0, 8.0)",100.0,100,1,5000
54,2.0,0.1,0.6932134253140497,0.2656834064014378,2.6091709478710534,150,"(50, 50, 50)",0.3,0.02,"(0.0, 0.5, 1.0, 2.0, 3.0, 4.0, 5.0, 8.0)",100.0,100,1,5000
54,3.0,0.1,0.7994196583350242,0.17409675620101406,4.591812482778285,150,"(50, 50, 50)",0.3,0.02,"(0.0, 0.5, 1.0, 2.0, 3.0, 4.0, 5.0, 8.0)",100.0,100,1,5000
54,4.0,0.1,0.8256564620040829,0.16321807939077387,5.05860910192008,150,"(50, 50, 50)",0.3,0.02,"(0.0, 0.5, 1.0, 2.0, 3.0, 4.0, 5.0, 8.0)",100.0,100,1,5000
54,5.0,0.1,0.8348072005567849,0.16072356433933946,5.194056042673598,150,"(50, 50, 50)",0.3,0.02,"(0.0, 0.5, 1.0, 2.0, 3.0, 4.0, 5.0, 8.0)",100.0,100,1,5000
54,8.0,0.1,0.8418758959914169,0.1578462827484828,5.333517402705569,150,"(50, 50, 50)",0.3,0.02,"(0.0, 0.5, 1.0, 2.0, 3.0, 4.0, 5.0, 8.0)",100.0,100,1,5000
55,0.0,0.1,0.26666666666666905,0.6666666666666724,0.40000000000000013,150,"(50, 50, 50)",0.3,0.02,"(0.0, 0.5, 1.0, 2.0, 3.0, 4.0, 5.0, 8.0)",100.0,100,1,5000
55,0.5,0.1,0.25865698527507114,0.7139137032493938,0.3623084752369764,150,"(50, 50, 50)",0.3,0.02,"(0.0, 0.5, 1.0, 2.0, 3.0, 4.0, 5.0, 8.0)",100.0,100,1,5000
55,1.0,0.1,0.23233856449674062,0.7567695621604754,0.3070136222622977,150,"(50, 50, 50)",0.3,0.02,"(0.0, 0.5, 1.0, 2.0, 3.0, 4.0, 5.0, 8.0)",100.0,100,1,5000
55,2.0,0.1,0.361709058957189,0.6358674296492681,0.5688435074535907,150,"(50, 50, 50)",0.3,0.02,"(0.0, 0.5, 1.0, 2.0, 3.0, 4.0, 5.0, 8.0)",100.0,100,1,5000
55,3.0,0.1,0.5606721700784116,0.43887672101953157,1.2775163120430344,150,"(50, 50, 50)",0.3,0.02,"(0.0, 0.5, 1.0, 2.0, 3.0, 4.0, 5.0, 8.0)",100.0,100,1,5000
55,4.0,0.1,0.64957771300349,0.350363437181303,1.8540111326381132,150,"(50, 50, 50)",0.3,0.02,"(0.0, 0.5, 1.0, 2.0, 3.0, 4.0, 5.0, 8.0)",100.0,100,1,5000
55,5.0,0.1,0.6747961544362003,0.32519731685353714,2.075036045700574,150,"(50, 50, 50)",0.3,0.02,"(0.0, 0.5, 1.0, 2.0, 3.0, 4.0, 5.0, 8.0)",100.0,100,1,5000
55,8.0,0.1,0.6927835528500471,0.30721643996391845,2.2550341151385394,150,"(50, 50, 50)",0.3,0.02,"(0.0, 0.5, 1.0, 2.0, 3.0, 4.0, 5.0, 8.0)",100.0,100,1,5000
56,0.0,0.1,0.2666666666666694,0.6666666666666735,0.39999999999999997,150,"(50, 50, 50)",0.3,0.02,"(0.0, 0.5, 1.0, 2.0, 3.0, 4.0, 5.0, 8.0)",100.0,100,1,5000
56,0.5,0.1,0.2532545201748446,0.7052061834384215,0.3591212415921177,150,"(50, 50, 50)",0.3,0.02,"(0.0, 0.5, 1.0, 2.0, 3.0, 4.0, 5.0, 8.0)",100.0,100,1,5000
56,1.0,0.1,0.22921863737230716,0.7216174863452921,0.3176456248769818,150,"(50, 50, 50)",0.3,0.02,"(0.0, 0.5, 1.0, 2.0, 3.0, 4.0, 5.0, 8.0)",100.0,100,1,5000
56,2.0,0.1,0.545271740957939,0.3534515600678576,1.5427057129221742,150,"(50, 50, 50)",0.3,0.02,"(0.0, 0.5, 1.0, 2.0, 3.0, 4.0, 5.0, 8.0)",100.0,100,1,5000
56,3.0,0.1,0.7218884264242239,0.19727729778091785,3.659257474349136,150,"(50, 50, 50)",0.3,0.02,"(0.0, 0.5, 1.0, 2.0, 3.0, 4.0, 5.0, 8.0)",100.0,100,1,5000
56,4.0,0.1,0.7745879809324476,0.17975053407665517,4.309238828754312,150,"(50, 50, 50)",0.3,0.02,"(0.0, 0.5, 1.0, 2.0, 3.0, 4.0, 5.0, 8.0)",100.0,100,1,5000
56,5.0,0.1,0.7991562403780531,0.1769018423970415,4.517512251706306,150,"(50, 50, 50)",0.3,0.02,"(0.0, 0.5, 1.0, 2.0, 3.0, 4.0, 5.0, 8.0)",100.0,100,1,5000
56,8.0,0.1,0.7996737046711386,0.17612248708022132,4.540440678122485,150,"(50, 50, 50)",0.3,0.02,"(0.0, 0.5, 1.0, 2.0, 3.0, 4.0, 5.0, 8.0)",100.0,100,1,5000
57,0.0,0.1,0.2666666666666635,0.6666666666666586,0.4000000000000001,150,"(50, 50, 50)",0.3,0.02,"(0.0, 0.5, 1.0, 2.0, 3.0, 4.0, 5.0, 8.0)",100.0,100,1,5000
57,0.5,0.1,0.29941214648927555,0.6321679089132133,0.47362756360728225,150,"(50, 50, 50)",0.3,0.02,"(0.0, 0.5, 1.0, 2.0, 3.0, 4.0, 5.0, 8.0)",100.0,100,1,5000
57,1.0,0.1,0.34065599832676363,0.6249369621842488,0.5451045768458304,150,"(50, 50, 50)",0.3,0.02,"(0.0, 0.5, 1.0, 2.0, 3.0, 4.0, 5.0, 8.0)",100.0,100,1,5000
57,2.0,0.1,0.7160046389128751,0.18507493114917897,3.8687283818884266,150,"(50, 50, 50)",0.3,0.02,"(0.0, 0.5, 1.0, 2.0, 3.0, 4.0, 5.0, 8.0)",100.0,100,1,5000
57,3.0,0.1,0.7675656272757572,0.10833232327427662,7.085287235393526,150,"(50, 50, 50)",0.3,0.02,"(0.0, 0.5, 1.0, 2.0, 3.0, 4.0, 5.0, 8.0)",100.0,100,1,5000
57,4.0,0.1,0.7753665159385648,0.09971667474153595,7.775695669237894,150,"(50, 50, 50)",0.3,0.02,"(0.0, 0.5, 1.0, 2.0, 3.0, 4.0, 5.0, 8.0)",100.0,100,1,5000
57,5.0,0.1,0.7752803404239973,0.09995201041739568,7.756525728561706,150,"(50, 50, 50)",0.3,0.02,"(0.0, 0.5, 1.0, 2.0, 3.0, 4.0, 5.0, 8.0)",100.0,100,1,5000
57,8.0,0.1,0.7683550346629704,0.10711162209235511,7.1734048990544625,150,"(50, 50, 50)",0.3,0.02,"(0.0, 0.5, 1.0, 2.0, 3.0, 4.0, 5.0, 8.0)",100.0,100,1,5000
58,0.0,0.1,0.2666666666666665,0.6666666666666665,0.39999999999999986,150,"(50, 50, 50)",0.3,0.02,"(0.0, 0.5, 1.0, 2.0, 3.0, 4.0, 5.0, 8.0)",100.0,100,1,5000
58,0.5,0.1,0.4994580592220143,0.4435278863441657,1.1261029454965281,150,"(50, 50, 50)",0.3,0.02,"(0.0, 0.5, 1.0, 2.0, 3.0, 4.0, 5.0, 8.0)",100.0,100,1,5000
58,1.0,0.1,0.6270729277560741,0.3508921065738866,1.7870818864488556,150,"(50, 50, 50)",0.3,0.02,"(0.0, 0.5, 1.0, 2.0, 3.0, 4.0, 5.0, 8.0)",100.0,100,1,5000
58,2.0,0.1,0.8150313738719459,0.18281489563145248,4.458232853820712,150,"(50, 50, 50)",0.3,0.02,"(0.0, 0.5, 1.0, 2.0, 3.0, 4.0, 5.0, 8.0)",100.0,100,1,5000
58,3.0,0.1,0.8266209878990104,0.17305191172107437,4.776722658986633,150,"(50, 50, 50)",0.3,0.02,"(0.0, 0.5, 1.0, 2.0, 3.0, 4.0, 5.0, 8.0)",100.0,100,1,5000
58,4.0,0.1,0.8231613627999879,0.17672690054989376,4.657815874316157,150,"(50, 50, 50)",0.3,0.02,"(0.0, 0.5, 1.0, 2.0, 3.0, 4.0, 5.0, 8.0)",100.0,100,1,5000
58,5.0,0.1,0.8146986918691417,0.18522923683543402,4.398326666934101,150,"(50, 50, 50)",0.3,0.02,"(0.0, 0.5, 1.0, 2.0, 3.0, 4.0, 5.0, 8.0)",100.0,100,1,5000
58,8.0,0.1,0.7515316230853896,0.24843060533984046,3.025116901588403,150,"(50, 50, 50)",0.3,0.02,"(0.0, 0.5, 1.0, 2.0, 3.0, 4.0, 5.0, 8.0)",100.0,100,1,5000
59,0.0,0.1,0.2666666666666655,0.6666666666666637,0.4,150,"(50, 50, 50)",0.3,0.02,"(0.0, 0.5, 1.0, 2.0, 3.0, 4.0, 5.0, 8.0)",100.0,100,1,5000
59,0.5,0.1,0.29006605015764203,0.6031629458048968,0.48090827225893407,150,"(50, 50, 50)",0.3,0.02,"(0.0, 0.5, 1.0, 2.0, 3.0, 4.0, 5.0, 8.0)",100.0,100,1,5000
59,1.0,0.1,0.24254786036429066,0.6121839310984463,0.39620095863850135,150,"(50, 50, 50)",0.3,0.02,"(0.0, 0.5, 1.0, 2.0, 3.0, 4.0, 5.0, 8.0)",100.0,100,1,5000
59,2.0,0.1,0.19178986429886805,0.4930063780514067,0.38902106105992357,150,"(50, 50, 50)",0.3,0.02,"(0.0, 0.5, 1.0, 2.0, 3.0, 4.0, 5.0, 8.0)",100.0,100,1,5000
59,3.0,0.1,0.16344753242769466,0.22040230118405743,0.7415872318465496,150,"(50, 50, 50)",0.3,0.02,"(0.0, 0.5, 1.0, 2.0, 3.0, 4.0, 5.0, 8.0)",100.0,100,1,5000
59,4.0,0.1,0.09873205052353648,0.1250829597929379,0.7893325412748253,150,"(50, 50, 50)",0.3,0.02,"(0.0, 0.5, 1.0, 2.0, 3.0, 4.0, 5.0, 8.0)",100.0,100,1,5000
59,5.0,0.1,0.05431276852744803,0.1001427920689329,0.5423532478509492,150,"(50, 50, 50)",0.3,0.02,"(0.0, 0.5, 1.0, 2.0, 3.0, 4.0, 5.0, 8.0)",100.0,100,1,5000
59,8.0,0.1,0.028640040115412973,0.07786077998630105,0.36783654261429116,150,"(50, 50, 50)",0.3,0.02,"(0.0, 0.5, 1.0, 2.0, 3.0, 4.0, 5.0, 8.0)",100.0,100,1,5000
60,0.0,0.1,0.2666666666666655,0.6666666666666637,0.4,150,"(50, 50, 50)",0.3,0.02,"(0.0, 0.5, 1.0, 2.0, 3.0, 4.0, 5.0, 8.0)",100.0,100,1,5000
60,0.5,0.1,0.2150656295241893,0.7369646446585265,0.2918262512088897,150,"(50, 50, 50)",0.3,0.02,"(0.0, 0.5, 1.0, 2.0, 3.0, 4.0, 5.0, 8.0)",100.0,100,1,5000
60,1.0,0.1,0.16693580260850344,0.7877491753596284,0.21191491889825567,150,"(50, 50, 50)",0.3,0.02,"(0.0, 0.5, 1.0, 2.0, 3.0, 4.0, 5.0, 8.0)",100.0,100,1,5000
60,2.0,0.1,0.26444916854892064,0.6957199181025003,0.38010866394364085,150,"(50, 50, 50)",0.3,0.02,"(0.0, 0.5, 1.0, 2.0, 3.0, 4.0, 5.0, 8.0)",100.0,100,1,5000
60,3.0,0.1,0.45397812544399413,0.5212330734240799,0.8709695308889839,150,"(50, 50, 50)",0.3,0.02,"(0.0, 0.5, 1.0, 2.0, 3.0, 4.0, 5.0, 8.0)",100.0,100,1,5000
60,4.0,0.1,0.5134853332078153,0.4629538569922214,1.1091501354884337,150,"(50, 50, 50)",0.3,0.02,"(0.0, 0.5, 1.0, 2.0, 3.0, 4.0, 5.0, 8.0)",100.0,100,1,5000
60,5.0,0.1,0.5203053861479295,0.4034968355148434,1.289490623846018,150,"(50, 50, 50)",0.3,0.02,"(0.0, 0.5, 1.0, 2.0, 3.0, 4.0, 5.0, 8.0)",100.0,100,1,5000
60,8.0,0.1,0.5169438239117077,0.2154565740694131,2.3992947355840033,150,"(50, 50, 50)",0.3,0.02,"(0.0, 0.5, 1.0, 2.0, 3.0, 4.0, 5.0, 8.0)",100.0,100,1,5000
61,0.0,0.1,0.2666666666666716,0.6666666666666792,0.3999999999999999,150,"(50, 50, 50)",0.3,0.02,"(0.0, 0.5, 1.0, 2.0, 3.0, 4.0, 5.0, 8.0)",100.0,100,1,5000
61,0.5,0.1,0.2710995312468767,0.696676362796271,0.38913266722406986,150,"(50, 50, 50)",0.3,0.02,"(0.0, 0.5, 1.0, 2.0, 3.0, 4.0, 5.0, 8.0)",100.0,100,1,5000
61,1.0,0.1,0.22224710605368259,0.7505251614870371,0.29612212549055383,150,"(50, 50, 50)",0.3,0.02,"(0.0, 0.5, 1.0, 2.0, 3.0, 4.0, 5.0, 8.0)",100.0,100,1,5000
61,2.0,0.1,0.16333192363611085,0.8221353727864784,0.19866791898580763,150,"(50, 50, 50)",0.3,0.02,"(0.0, 0.5, 1.0, 2.0, 3.0, 4.0, 5.0, 8.0)",100.0,100,1,5000
61,3.0,0.1,0.28750227841495385,0.696464192233998,0.4128026704327088,150,"(50, 50, 50)",0.3,0.02,"(0.0, 0.5, 1.0, 2.0, 3.0, 4.0, 5.0, 8.0)",100.0,100,1,5000
61,4.0,0.1,0.508845154256163,0.46518796702492116,1.0938484877638783,150,"(50, 50, 50)",0.3,0.02,"(0.0, 0.5, 1.0, 2.0, 3.0, 4.0, 5.0, 8.0)",100.0,100,1,5000
61,5.0,0.1,0.6449634908100774,0.3330462465134302,1.9365583535680806,150,"(50, 50, 50)",0.3,0.02,"(0.0, 0.5, 1.0, 2.0, 3.0, 4.0, 5.0, 8.0)",100.0,100,1,5000
61,8.0,0.1,0.7479138674036289,0.2473703775555775,3.0234576782969604,150,"(50, 50, 50)",0.3,0.02,"(0.0, 0.5, 1.0, 2.0, 3.0, 4.0, 5.0, 8.0)",100.0,100,1,5000
62,0.0,0.1,0.26666666666664424,0.6666666666666108,0.39999999999999986,150,"(50, 50, 50)",0.3,0.02,"(0.0, 0.5, 1.0, 2.0, 3.0, 4.0, 5.0, 8.0)",100.0,100,1,5000
62,0.5,0.1,0.2523231256968147,0.6257074562999464,0.40326053838146714,150,"(50, 50, 50)",0.3,0.02,"(0.0, 0.5, 1.0, 2.0, 3.0, 4.0, 5.0, 8.0)",100.0,100,1,5000
62,1.0,0.1,0.27571734430954337,0.6078385325428237,0.4536029381949694,150,"(50, 50, 50)",0.3,0.02,"(0.0, 0.5, 1.0, 2.0, 3.0, 4.0, 5.0, 8.0)",100.0,100,1,5000
62,2.0,0.1,0.4795142751491259,0.4393861019980456,1.0913278161703412,150,"(50, 50, 50)",0.3,0.02,"(0.0, 0.5, 1.0, 2.0, 3.0, 4.0, 5.0, 8.0)",100.0,100,1,5000
62,3.0,0.1,0.7723459748102399,0.1853608706921324,4.166715293936209,150,"(50, 50, 50)",0.3,0.02,"(0.0, 0.5, 1.0, 2.0, 3.0, 4.0, 5.0, 8.0)",100.0,100,1,5000
62,4.0,0.1,0.8381542811271091,0.1475302265354813,5.681237674542114,150,"(50, 50, 50)",0.3,0.02,"(0.0, 0.5, 1.0, 2.0, 3.0, 4.0, 5.0, 8.0)",100.0,100,1,5000
62,5.0,0.1,0.8505331751348282,0.14495765530690713,5.867459523500591,150,"(50, 50, 50)",0.3,0.02,"(0.0, 0.5, 1.0, 2.0, 3.0, 4.0, 5.0, 8.0)",100.0,100,1,5000
62,8.0,0.1,0.856334528621332,0.14352085538784404,5.966620853165999,150,"(50, 50, 50)",0.3,0.02,"(0.0, 0.5, 1.0, 2.0, 3.0, 4.0, 5.0, 8.0)",100.0,100,1,5000
63,0.0,0.1,0.26666666666665684,0.6666666666666419,0.40000000000000013,150,"(50, 50, 50)",0.3,0.02,"(0.0, 0.5, 1.0, 2.0, 3.0, 4.0, 5.0, 8.0)",100.0,100,1,5000
63,0.5,0.1,0.406341062120462,0.5864267476211774,0.6929101780721504,150,"(50, 50, 50)",0.3,0.02,"(0.0, 0.5, 1.0, 2.0, 3.0, 4.0, 5.0, 8.0)",100.0,100,1,5000
63,1.0,0.1,0.43514386300709385,0.5645440057129139,0.7707882088971758,150,"(50, 50, 50)",0.3,0.02,"(0.0, 0.5, 1.0, 2.0, 3.0, 4.0, 5.0, 8.0)",100.0,100,1,5000
63,2.0,0.1,0.6832445503696183,0.31675469153519525,2.1570147771393042,150,"(50, 50, 50)",0.3,0.02,"(0.0, 0.5, 1.0, 2.0, 3.0, 4.0, 5.0, 8.0)",100.0,100,1,5000
63,3.0,0.1,0.8137076731376719,0.18629232475512558,4.367907664512002,150,"(50, 50, 50)",0.3,0.02,"(0.0, 0.5, 1.0, 2.0, 3.0, 4.0, 5.0, 8.0)",100.0,100,1,5000
63,4.0,0.1,0.843460813215416,0.15653918677031223,5.3881767921345745,150,"(50, 50, 50)",0.3,0.02,"(0.0, 0.5, 1.0, 2.0, 3.0, 4.0, 5.0, 8.0)",100.0,100,1,5000
63,5.0,0.1,0.8537916070552412,0.14620839294458532,5.839552640311409,150,"(50, 50, 50)",0.3,0.02,"(0.0, 0.5, 1.0, 2.0, 3.0, 4.0, 5.0, 8.0)",100.0,100,1,5000
63,8.0,0.1,0.8587087471488648,0.1412912528511335,6.077578971244686,150,"(50, 50, 50)",0.3,0.02,"(0.0, 0.5, 1.0, 2.0, 3.0, 4.0, 5.0, 8.0)",100.0,100,1,5000
64,0.0,0.1,0.26666666666667094,0.6666666666666776,0.39999999999999986,150,"(50, 50, 50)",0.3,0.02,"(0.0, 0.5, 1.0, 2.0, 3.0, 4.0, 5.0, 8.0)",100.0,100,1,5000
64,0.5,0.1,0.32640701273237144,0.5854986169122526,0.5574855401943491,150,"(50, 50, 50)",0.3,0.02,"(0.0, 0.5, 1.0, 2.0, 3.0, 4.0, 5.0, 8.0)",100.0,100,1,5000
64,1.0,0.1,0.3057245387782012,0.5779897704214079,0.5289445495813876,150,"(50, 50, 50)",0.3,0.02,"(0.0, 0.5, 1.0, 2.0, 3.0, 4.0, 5.0, 8.0)",100.0,100,1,5000
64,2.0,0.1,0.2557142251411049,0.5611785172271664,0.4556735820975684,150,"(50, 50, 50)",0.3,0.02,"(0.0, 0.5, 1.0, 2.0, 3.0, 4.0, 5.0, 8.0)",100.0,100,1,5000
64,3.0,0.1,0.22863652303199059,0.46001250572464014,0.49702240740570347,150,"(50, 50, 50)",0.3,0.02,"(0.0, 0.5, 1.0, 2.0, 3.0, 4.0, 5.0, 8.0)",100.0,100,1,5000
64,4.0,0.1,0.19126528452400654,0.3331583544140427,0.5740972183044997,150,"(50, 50, 50)",0.3,0.02,"(0.0, 0.5, 1.0, 2.0, 3.0, 4.0, 5.0, 8.0)",100.0,100,1,5000
64,5.0,0.1,0.1388794645755402,0.25774911129353617,0.5388164633373966,150,"(50, 50, 50)",0.3,0.02,"(0.0, 0.5, 1.0, 2.0, 3.0, 4.0, 5.0, 8.0)",100.0,100,1,5000
64,8.0,0.1,0.048322027141538354,0.2396394398059244,0.2016447175000604,150,"(50, 50, 50)",0.3,0.02,"(0.0, 0.5, 1.0, 2.0, 3.0, 4.0, 5.0, 8.0)",100.0,100,1,5000
65,0.0,0.1,0.2666666666666617,0.6666666666666545,0.39999999999999986,150,"(50, 50, 50)",0.3,0.02,"(0.0, 0.5, 1.0, 2.0, 3.0, 4.0, 5.0, 8.0)",100.0,100,1,5000
65,0.5,0.1,0.16995634749437932,0.8026861803803169,0.21173448808331685,150,"(50, 50, 50)",0.3,0.02,"(0.0, 0.5, 1.0, 2.0, 3.0, 4.0, 5.0, 8.0)",100.0,100,1,5000
65,1.0,0.1,0.10464312519580675,0.885183559416864,0.11821629997821348,150,"(50, 50, 50)",0.3,0.02,"(0.0, 0.5, 1.0, 2.0, 3.0, 4.0, 5.0, 8.0)",100.0,100,1,5000
65,2.0,0.1,0.5276615200540383,0.458394277355749,1.151108436819626,150,"(50, 50, 50)",0.3,0.02,"(0.0, 0.5, 1.0, 2.0, 3.0, 4.0, 5.0, 8.0)",100.0,100,1,5000
65,3.0,0.1,0.6426244571051553,0.3540121731016074,1.8152609032478422,150,"(50, 50, 50)",0.3,0.02,"(0.0, 0.5, 1.0, 2.0, 3.0, 4.0, 5.0, 8.0)",100.0,100,1,5000
65,4.0,0.1,0.6576337968251893,0.34173679500483306,1.9243868568963685,150,"(50, 50, 50)",0.3,0.02,"(0.0, 0.5, 1.0, 2.0, 3.0, 4.0, 5.0, 8.0)",100.0,100,1,5000
65,5.0,0.1,0.6617065797253808,0.33817931227194065,1.956673739975205,150,"(50, 50, 50)",0.3,0.02,"(0.0, 0.5, 1.0, 2.0, 3.0, 4.0, 5.0, 8.0)",100.0,100,1,5000
65,8.0,0.1,0.6658006106494377,0.3341987347501419,1.992229597000756,150,"(50, 50, 50)",0.3,0.02,"(0.0, 0.5, 1.0, 2.0, 3.0, 4.0, 5.0, 8.0)",100.0,100,1,5000
66,0.0,0.1,0.2666666666666635,0.6666666666666587,0.4,150,"(50, 50, 50)",0.3,0.02,"(0.0, 0.5, 1.0, 2.0, 3.0, 4.0, 5.0, 8.0)",100.0,100,1,5000
66,0.5,0.1,0.4162862060539981,0.574952811554822,0.724035429843802,150,"(50, 50, 50)",0.3,0.02,"(0.0, 0.5, 1.0, 2.0, 3.0, 4.0, 5.0, 8.0)",100.0,100,1,5000
66,1.0,0.1,0.4904225501730306,0.5090011994259696,0.9634997927826277,150,"(50, 50, 50)",0.3,0.02,"(0.0, 0.5, 1.0, 2.0, 3.0, 4.0, 5.0, 8.0)",100.0,100,1,5000
66,2.0,0.1,0.6444156815918533,0.3555822716860901,1.8122829311376547,150,"(50, 50, 50)",0.3,0.02,"(0.0, 0.5, 1.0, 2.0, 3.0, 4.0, 5.0, 8.0)",100.0,100,1,5000
66,3.0,0.1,0.6836863132856276,0.3163136805207694,2.1614187289023565,150,"(50, 50, 50)",0.3,0.02,"(0.0, 0.5, 1.0, 2.0, 3.0, 4.0, 5.0, 8.0)",100.0,100,1,5000
66,4.0,0.1,0.702592740036927,0.2974072599443335,2.362392700731089,150,"(50, 50, 50)",0.3,0.02,"(0.0, 0.5, 1.0, 2.0, 3.0, 4.0, 5.0, 8.0)",100.0,100,1,5000
66,5.0,0.1,0.7339795989504555,0.26602040104953856,2.7591101887474156,150,"(50, 50, 50)",0.3,0.02,"(0.0, 0.5, 1.0, 2.0, 3.0, 4.0, 5.0, 8.0)",100.0,100,1,5000
66,8.0,0.1,0.7954575696033427,0.20454243039668202,3.888961170846859,150,"(50, 50, 50)",0.3,0.02,"(0.0, 0.5, 1.0, 2.0, 3.0, 4.0, 5.0, 8.0)",100.0,100,1,5000
67,0.0,0.1,0.26666666666666883,0.6666666666666718,0.40000000000000013,150,"(50, 50, 50)",0.3,0.02,"(0.0, 0.5, 1.0, 2.0, 3.0, 4.0, 5.0, 8.0)",100.0,100,1,5000
67,0.5,0.1,0.16271355615194277,0.7964707078210796,0.2042932082173887,150,"(50, 50, 50)",0.3,0.02,"(0.0, 0.5, 1.0, 2.0, 3.0, 4.0, 5.0, 8.0)",100.0,100,1,5000
67,1.0,0.1,0.07347920929098642,0.8909387006437259,0.08247392243472622,150,"(50, 50, 50)",0.3,0.02,"(0.0, 0.5, 1.0, 2.0, 3.0, 4.0, 5.0, 8.0)",100.0,100,1,5000
67,2.0,0.1,0.018831558648433895,0.8206617061075155,0.02294679830712944,150,"(50, 50, 50)",0.3,0.02,"(0.0, 0.5, 1.0, 2.0, 3.0, 4.0, 5.0, 8.0)",100.0,100,1,5000
67,3.0,0.1,0.005659063540162107,0.7361413987487074,0.007687468127429565,150,"(50, 50, 50)",0.3,0.02,"(0.0, 0.5, 1.0, 2.0, 3.0, 4.0, 5.0, 8.0)",100.0,100,1,5000
67,4.0,0.1,0.018716391249080692,0.707332288003632,0.02646053568670767,150,"(50, 50, 50)",0.3,0.02,"(0.0, 0.5, 1.0, 2.0, 3.0, 4.0, 5.0, 8.0)",100.0,100,1,5000
67,5.0,0.1,0.05781737196202385,0.6648687714671828,0.08696057694879665,150,"(50, 50, 50)",0.3,0.02,"(0.0, 0.5, 1.0, 2.0, 3.0, 4.0, 5.0, 8.0)",100.0,100,1,5000
67,8.0,0.1,0.12169810404549639,0.5987201485182619,0.20326375243372052,150,"(50, 50, 50)",0.3,0.02,"(0.0, 0.5, 1.0, 2.0, 3.0, 4.0, 5.0, 8.0)",100.0,100,1,5000
68,0.0,0.1,0.2666666666666597,0.6666666666666492,0.4000000000000001,150,"(50, 50, 50)",0.3,0.02,"(0.0, 0.5, 1.0, 2.0, 3.0, 4.0, 5.0, 8.0)",100.0,100,1,5000
68,0.5,0.1,0.40005636843923736,0.5351872112327296,0.7475073395677055,150,"(50, 50, 50)",0.3,0.02,"(0.0, 0.5, 1.0, 2.0, 3.0, 4.0, 5.0, 8.0)",100.0,100,1,5000
68,1.0,0.1,0.49831590832181166,0.46151268757474223,1.0797447648524487,150,"(50, 50, 50)",0.3,0.02,"(0.0, 0.5, 1.0, 2.0, 3.0, 4.0, 5.0, 8.0)",100.0,100,1,5000
68,2.0,0.1,0.6993920074192483,0.27892068972224915,2.507494184514268,150,"(50, 50, 50)",0.3,0.02,"(0.0, 0.5, 1.0, 2.0, 3.0, 4.0, 5.0, 8.0)",100.0,100,1,5000
68,3.0,0.1,0.8516633636434194,0.13603128307512008,6.260790491648222,150,"(50, 50, 50)",0.3,0.02,"(0.0, 0.5, 1.0, 2.0, 3.0, 4.0, 5.0, 8.0)",100.0,100,1,5000
68,4.0,0.1,0.8933125506277595,0.10121831608774591,8.82560177995205,150,"(50, 50, 50)",0.3,0.02,"(0.0, 0.5, 1.0, 2.0, 3.0, 4.0, 5.0, 8.0)",100.0,100,1,5000
68,5.0,0.1,0.9030871083888601,0.09481289665499418,9.524939541453097,150,"(50, 50, 50)",0.3,0.02,"(0.0, 0.5, 1.0, 2.0, 3.0, 4.0, 5.0, 8.0)",100.0,100,1,5000
68,8.0,0.1,0.9101578366493397,0.08975246576564,10.140755787433486,150,"(50, 50, 50)",0.3,0.02,"(0.0, 0.5, 1.0, 2.0, 3.0, 4.0, 5.0, 8.0)",100.0,100,1,5000
69,0.0,0.1,0.2666666666666641,0.6666666666666603,0.39999999999999997,150,"(50, 50, 50)",0.3,0.02,"(0.0, 0.5, 1.0, 2.0, 3.0, 4.0, 5.0, 8.0)",100.0,100,1,5000
69,0.5,0.1,0.16488838717881688,0.7431615739221782,0.22187421008406918,150,"(50, 50, 50)",0.3,0.02,"(0.0, 0.5, 1.0, 2.0, 3.0, 4.0, 5.0, 8.0)",100.0,100,1,5000
69,1.0,0.1,0.08154033283511775,0.8400309389610061,0.09706824957658233,150,"(50, 50, 50)",0.3,0.02,"(0.0, 0.5, 1.0, 2.0, 3.0, 4.0, 5.0, 8.0)",100.0,100,1,5000
69,2.0,0.1,0.2055974821258015,0.6168455115761025,0.33330465775860024,150,"(50, 50, 50)",0.3,0.02,"(0.0, 0.5, 1.0, 2.0, 3.0, 4.0, 5.0, 8.0)",100.0,100,1,5000
69,3.0,0.1,0.25976628926974127,0.47206663504267404,0.5502746222389956,150,"(50, 50, 50)",0.3,0.02,"(0.0, 0.5, 1.0, 2.0, 3.0, 4.0, 5.0, 8.0)",100.0,100,1,5000
69,4.0,0.1,0.259328148160401,0.40472830905827123,0.640746254601785,150,"(50, 50, 50)",0.3,0.02,"(0.0, 0.5, 1.0, 2.0, 3.0, 4.0, 5.0, 8.0)",100.0,100,1,5000
69,5.0,0.1,0.25803332785377575,0.37442276066134744,0.689149685766988,150,"(50, 50, 50)",0.3,0.02,"(0.0, 0.5, 1.0, 2.0, 3.0, 4.0, 5.0, 8.0)",100.0,100,1,5000
69,8.0,0.1,0.2566766324046888,0.36312220396555384,0.706860196379061,150,"(50, 50, 50)",0.3,0.02,"(0.0, 0.5, 1.0, 2.0, 3.0, 4.0, 5.0, 8.0)",100.0,100,1,5000
70,0.0,0.1,0.2666666666666594,0.6666666666666486,0.3999999999999999,150,"(50, 50, 50)",0.3,0.02,"(0.0, 0.5, 1.0, 2.0, 3.0, 4.0, 5.0, 8.0)",100.0,100,1,5000
70,0.5,0.1,0.29094200210914833,0.6088525171650068,0.47785300036839523,150,"(50, 50, 50)",0.3,0.02,"(0.0, 0.5, 1.0, 2.0, 3.0, 4.0, 5.0, 8.0)",100.0,100,1,5000
70,1.0,0.1,0.3330086300155832,0.5912325263778136,0.5632447728404942,150,"(50, 50, 50)",0.3,0.02,"(0.0, 0.5, 1.0, 2.0, 3.0, 4.0, 5.0, 8.0)",100.0,100,1,5000
70,2.0,0.1,0.5956813226970261,0.35660711589492694,1.6704134498329573,150,"(50, 50, 50)",0.3,0.02,"(0.0, 0.5, 1.0, 2.0, 3.0, 4.0, 5.0, 8.0)",100.0,100,1,5000
70,3.0,0.1,0.7521723087818998,0.22812404789241492,3.2972074436300995,150,"(50, 50, 50)",0.3,0.02,"(0.0, 0.5, 1.0, 2.0, 3.0, 4.0, 5.0, 8.0)",100.0,100,1,5000
70,4.0,0.1,0.7828996935073552,0.20893078724190706,3.7471724672194324,150,"(50, 50, 50)",0.3,0.02,"(0.0, 0.5, 1.0, 2.0, 3.0, 4.0, 5.0, 8.0)",100.0,100,1,5000
70,5.0,0.1,0.7775972942307027,0.20855471210845025,3.7285050352942655,150,"(50, 50, 50)",0.3,0.02,"(0.0, 0.5, 1.0, 2.0, 3.0, 4.0, 5.0, 8.0)",100.0,100,1,5000
70,8.0,0.1,0.6918732538924484,0.18926219684477055,3.655633641724609,150,"(50, 50, 50)",0.3,0.02,"(0.0, 0.5, 1.0, 2.0, 3.0, 4.0, 5.0, 8.0)",100.0,100,1,5000
71,0.0,0.1,0.2666666666666778,0.6666666666666945,0.4,150,"(50, 50, 50)",0.3,0.02,"(0.0, 0.5, 1.0, 2.0, 3.0, 4.0, 5.0, 8.0)",100.0,100,1,5000
71,0.5,0.1,0.2896636351373106,0.6120895536668932,0.4732373447676076,150,"(50, 50, 50)",0.3,0.02,"(0.0, 0.5, 1.0, 2.0, 3.0, 4.0, 5.0, 8.0)",100.0,100,1,5000
71,1.0,0.1,0.36754232842206835,0.5698267136880552,0.6450071918237147,150,"(50, 50, 50)",0.3,0.02,"(0.0, 0.5, 1.0, 2.0, 3.0, 4.0, 5.0, 8.0)",100.0,100,1,5000
71,2.0,0.1,0.6041793136554583,0.359962606356644,1.6784502139559716,150,"(50, 50, 50)",0.3,0.02,"(0.0, 0.5, 1.0, 2.0, 3.0, 4.0, 5.0, 8.0)",100.0,100,1,5000
71,3.0,0.1,0.8234844973958442,0.16095823894930056,5.1161375942689675,150,"(50, 50, 50)",0.3,0.02,"(0.0, 0.5, 1.0, 2.0, 3.0, 4.0, 5.0, 8.0)",100.0,100,1,5000
71,4.0,0.1,0.8533637816180893,0.14232257295077647,5.995983377234424,150,"(50, 50, 50)",0.3,0.02,"(0.0, 0.5, 1.0, 2.0, 3.0, 4.0, 5.0, 8.0)",100.0,100,1,5000
71,5.0,0.1,0.8496990229131449,0.14915139287920887,5.696889626778603,150,"(50, 50, 50)",0.3,0.02,"(0.0, 0.5, 1.0, 2.0, 3.0, 4.0, 5.0, 8.0)",100.0,100,1,5000
71,8.0,0.1,0.8398675835993797,0.1601101670867266,5.245560596688717,150,"(50, 50, 50)",0.3,0.02,"(0.0, 0.5, 1.0, 2.0, 3.0, 4.0, 5.0, 8.0)",100.0,100,1,5000
72,0.0,0.1,0.26666666666666383,0.6666666666666597,0.3999999999999999,150,"(50, 50, 50)",0.3,0.02,"(0.0, 0.5, 1.0, 2.0, 3.0, 4.0, 5.0, 8.0)",100.0,100,1,5000
72,0.5,0.1,0.26617613697432635,0.617709524243961,0.4309082611282541,150,"(50, 50, 50)",0.3,0.02,"(0.0, 0.5, 1.0, 2.0, 3.0, 4.0, 5.0, 8.0)",100.0,100,1,5000
72,1.0,0.1,0.2589578671199962,0.6385281526677957,0.40555434562761256,150,"(50, 50, 50)",0.3,0.02,"(0.0, 0.5, 1.0, 2.0, 3.0, 4.0, 5.0, 8.0)",100.0,100,1,5000
72,2.0,0.1,0.2287817034466436,0.6777556573307472,0.33755779235789884,150,"(50, 50, 50)",0.3,0.02,"(0.0, 0.5, 1.0, 2.0, 3.0, 4.0, 5.0, 8.0)",100.0,100,1,5000
72,3.0,0.1,0.31692125898634527,0.5330879510909643,0.5945008855251108,150,"(50, 50, 50)",0.3,0.02,"(0.0, 0.5, 1.0, 2.0, 3.0, 4.0, 5.0, 8.0)",100.0,100,1,5000
72,4.0,0.1,0.3933165450659225,0.4121938185491549,0.954202919515686,150,"(50, 50, 50)",0.3,0.02,"(0.0, 0.5, 1.0, 2.0, 3.0, 4.0, 5.0, 8.0)",100.0,100,1,5000
72,5.0,0.1,0.42947440270590526,0.3508420700505697,1.224124583018227,150,"(50, 50, 50)",0.3,0.02,"(0.0, 0.5, 1.0, 2.0, 3.0, 4.0, 5.0, 8.0)",100.0,100,1,5000
72,8.0,0.1,0.4489287852650594,0.26580661364157915,1.688930080085995,150,"(50, 50, 50)",0.3,0.02,"(0.0, 0.5, 1.0, 2.0, 3.0, 4.0, 5.0, 8.0)",100.0,100,1,5000
73,0.0,0.1,0.26666666666667493,0.666666666666687,0.40000000000000024,150,"(50, 50, 50)",0.3,0.02,"(0.0, 0.5, 1.0, 2.0, 3.0, 4.0, 5.0, 8.0)",100.0,100,1,5000
73,0.5,0.1,0.27744279373335706,0.6644104136360053,0.41757743111677514,150,"(50, 50, 50)",0.3,0.02,"(0.0, 0.5, 1.0, 2.0, 3.0, 4.0, 5.0, 8.0)",100.0,100,1,5000
73,1.0,0.1,0.23667328929735687,0.7060021611268132,0.33523026178788884,150,"(50, 50, 50)",0.3,0.02,"(0.0, 0.5, 1.0, 2.0, 3.0, 4.0, 5.0, 8.0)",100.0,100,1,5000
73,2.0,0.1,0.20514746128117362,0.7202851824330656,0.28481421842970855,150,"(50, 50, 50)",0.3,0.02,"(0.0, 0.5, 1.0, 2.0, 3.0, 4.0, 5.0, 8.0)",100.0,100,1,5000
73,3.0,0.1,0.19231316340723123,0.7129976629847128,0.26972481593022357,150,"(50, 50, 50)",0.3,0.02,"(0.0, 0.5, 1.0, 2.0, 3.0, 4.0, 5.0, 8.0)",100.0,100,1,5000
73,4.0,0.1,0.14737914947865965,0.7618134639950628,0.1934583155117547,150,"(50, 50, 50)",0.3,0.02,"(0.0, 0.5, 1.0, 2.0, 3.0, 4.0, 5.0, 8.0)",100.0,100,1,5000
73,5.0,0.1,0.12130170083660294,0.7893293631426649,0.15367691422709515,150,"(50, 50, 50)",0.3,0.02,"(0.0, 0.5, 1.0, 2.0, 3.0, 4.0, 5.0, 8.0)",100.0,100,1,5000
73,8.0,0.1,0.18000417238843305,0.6530961603487131,0.2756166447102092,150,"(50, 50, 50)",0.3,0.02,"(0.0, 0.5, 1.0, 2.0, 3.0, 4.0, 5.0, 8.0)",100.0,100,1,5000
74,0.0,0.1,0.26666666666665173,0.6666666666666292,0.4000000000000001,150,"(50, 50, 50)",0.3,0.02,"(0.0, 0.5, 1.0, 2.0, 3.0, 4.0, 5.0, 8.0)",100.0,100,1,5000
74,0.5,0.1,0.2645608934999685,0.6676303216987592,0.3962685409895758,150,"(50, 50, 50)",0.3,0.02,"(0.0, 0.5, 1.0, 2.0, 3.0, 4.0, 5.0, 8.0)",100.0,100,1,5000
74,1.0,0.1,0.29307416148899923,0.6210717972977716,0.47188451120166613,150,"(50, 50, 50)",0.3,0.02,"(0.0, 0.5, 1.0, 2.0, 3.0, 4.0, 5.0, 8.0)",100.0,100,1,5000
74,2.0,0.1,0.36933162528285507,0.3765943712300232,0.9807146720662693,150,"(50, 50, 50)",0.3,0.02,"(0.0, 0.5, 1.0, 2.0, 3.0, 4.0, 5.0, 8.0)",100.0,100,1,5000
74,3.0,0.1,0.3284358984030452,0.19730370880060213,1.6646210068710219,150,"(50, 50, 50)",0.3,0.02,"(0.0, 0.5, 1.0, 2.0, 3.0, 4.0, 5.0, 8.0)",100.0,100,1,5000
74,4.0,0.1,0.2787314586742812,0.17020262358194507,1.637644901167368,150,"(50, 50, 50)",0.3,0.02,"(0.0, 0.5, 1.0, 2.0, 3.0, 4.0, 5.0, 8.0)",100.0,100,1,5000
74,5.0,0.1,0.25147341865055034,0.16736828552706617,1.502515353244047,150,"(50, 50, 50)",0.3,0.02,"(0.0, 0.5, 1.0, 2.0, 3.0, 4.0, 5.0, 8.0)",100.0,100,1,5000
74,8.0,0.1,0.22904645455138123,0.16668848175886172,1.3740988707469846,150,"(50, 50, 50)",0.3,0.02,"(0.0, 0.5, 1.0, 2.0, 3.0, 4.0, 5.0, 8.0)",100.0,100,1,5000
75,0.0,0.1,0.2666666666666715,0.666666666666679,0.39999999999999986,150,"(50, 50, 50)",0.3,0.02,"(0.0, 0.5, 1.0, 2.0, 3.0, 4.0, 5.0, 8.0)",100.0,100,1,5000
75,0.5,0.1,0.1956291819281827,0.7966598569035042,0.24556174160521108,150,"(50, 50, 50)",0.3,0.02,"(0.0, 0.5, 1.0, 2.0, 3.0, 4.0, 5.0, 8.0)",100.0,100,1,5000
75,1.0,0.1,0.24146003295016155,0.7573211707267508,0.3188343892703388,150,"(50, 50, 50)",0.3,0.02,"(0.0, 0.5, 1.0, 2.0, 3.0, 4.0, 5.0, 8.0)",100.0,100,1,5000
75,2.0,0.1,0.43259912052619565,0.5673813617153999,0.7624485922806689,150,"(50, 50, 50)",0.3,0.02,"(0.0, 0.5, 1.0, 2.0, 3.0, 4.0, 5.0, 8.0)",100.0,100,1,5000
75,3.0,0.1,0.4020936029203271,0.5979061286165096,0.6725028958153153,150,"(50, 50, 50)",0.3,0.02,"(0.0, 0.5, 1.0, 2.0, 3.0, 4.0, 5.0, 8.0)",100.0,100,1,5000
75,4.0,0.1,0.36886924838884305,0.6311306525515868,0.5844578248537734,150,"(50, 50, 50)",0.3,0.02,"(0.0, 0.5, 1.0, 2.0, 3.0, 4.0, 5.0, 8.0)",100.0,100,1,5000
75,5.0,0.1,0.35764495067424174,0.642355016184567,0.5567714763069276,150,"(50, 50, 50)",0.3,0.02,"(0.0, 0.5, 1.0, 2.0, 3.0, 4.0, 5.0, 8.0)",100.0,100,1,5000
75,8.0,0.1,0.34957362611505166,0.6504263738005381,0.5374530311131772,150,"(50, 50, 50)",0.3,0.02,"(0.0, 0.5, 1.0, 2.0, 3.0, 4.0, 5.0, 8.0)",100.0,100,1,5000
76,0.0,0.1,0.2666666666666657,0.666666666666664,0.4000000000000002,150,"(50, 50, 50)",0.3,0.02,"(0.0, 0.5, 1.0, 2.0, 3.0, 4.0, 5.0, 8.0)",100.0,100,1,5000
76,0.5,0.1,0.19179841304250544,0.7415995190306091,0.25862801703703514,150,"(50, 50, 50)",0.3,0.02,"(0.0, 0.5, 1.0, 2.0, 3.0, 4.0, 5.0, 8.0)",100.0,100,1,5000
76,1.0,0.1,0.2379221797196802,0.7134218357206729,0.3334943897243345,150,"(50, 50, 50)",0.3,0.02,"(0.0, 0.5, 1.0, 2.0, 3.0, 4.0, 5.0, 8.0)",100.0,100,1,5000
76,2.0,0.1,0.500527442281543,0.47008505405542894,1.0647593195390648,150,"(50, 50, 50)",0.3,0.02,"(0.0, 0.5, 1.0, 2.0, 3.0, 4.0, 5.0, 8.0)",100.0,100,1,5000
76,3.0,0.1,0.628630195600459,0.36212505430963055,1.7359478117273721,150,"(50, 50, 50)",0.3,0.02,"(0.0, 0.5, 1.0, 2.0, 3.0, 4.0, 5.0, 8.0)",100.0,100,1,5000
76,4.0,0.1,0.7057148406611725,0.2914718057058089,2.421211337927729,150,"(50, 50, 50)",0.3,0.02,"(0.0, 0.5, 1.0, 2.0, 3.0, 4.0, 5.0, 8.0)",100.0,100,1,5000
76,5.0,0.1,0.7316202665580828,0.26755022608152434,2.734515598335369,150,"(50, 50, 50)",0.3,0.02,"(0.0, 0.5, 1.0, 2.0, 3.0, 4.0, 5.0, 8.0)",100.0,100,1,5000
76,8.0,0.1,0.7411802545336041,0.2587988634547435,2.863923916200719,150,"(50, 50, 50)",0.3,0.02,"(0.0, 0.5, 1.0, 2.0, 3.0, 4.0, 5.0, 8.0)",100.0,100,1,5000
77,0.0,0.1,0.26666666666666866,0.6666666666666716,0.4,150,"(50, 50, 50)",0.3,0.02,"(0.0, 0.5, 1.0, 2.0, 3.0, 4.0, 5.0, 8.0)",100.0,100,1,5000
77,0.5,0.1,0.2982204604965174,0.6132020788309563,0.48633308788688717,150,"(50, 50, 50)",0.3,0.02,"(0.0, 0.5, 1.0, 2.0, 3.0, 4.0, 5.0, 8.0)",100.0,100,1,5000
77,1.0,0.1,0.2875426822211156,0.6246645178669882,0.46031537568833547,150,"(50, 50, 50)",0.3,0.02,"(0.0, 0.5, 1.0, 2.0, 3.0, 4.0, 5.0, 8.0)",100.0,100,1,5000
77,2.0,0.1,0.43787458201668383,0.4676019104275502,0.9364259902537924,150,"(50, 50, 50)",0.3,0.02,"(0.0, 0.5, 1.0, 2.0, 3.0, 4.0, 5.0, 8.0)",100.0,100,1,5000
77,3.0,0.1,0.5950726395388903,0.3215151388379354,1.8508386313928618,150,"(50, 50, 50)",0.3,0.02,"(0.0, 0.5, 1.0, 2.0, 3.0, 4.0, 5.0, 8.0)",100.0,100,1,5000
77,4.0,0.1,0.7042115910993898,0.23165950400217433,3.0398562499416393,150,"(50, 50, 50)",0.3,0.02,"(0.0, 0.5, 1.0, 2.0, 3.0, 4.0, 5.0, 8.0)",100.0,100,1,5000
77,5.0,0.1,0.7758193831814904,0.1782083100831631,4.353441109561303,150,"(50, 50, 50)",0.3,0.02,"(0.0, 0.5, 1.0, 2.0, 3.0, 4.0, 5.0, 8.0)",100.0,100,1,5000
77,8.0,0.1,0.8514804488436714,0.13455792005583211,6.327984621718042,150,"(50, 50, 50)",0.3,0.02,"(0.0, 0.5, 1.0, 2.0, 3.0, 4.0, 5.0, 8.0)",100.0,100,1,5000
78,0.0,0.1,0.26666666666665917,0.6666666666666481,0.3999999999999999,150,"(50, 50, 50)",0.3,0.02,"(0.0, 0.5, 1.0, 2.0, 3.0, 4.0, 5.0, 8.0)",100.0,100,1,5000
78,0.5,0.1,0.14997321360828636,0.813150726677765,0.18443470403208245,150,"(50, 50, 50)",0.3,0.02,"(0.0, 0.5, 1.0, 2.0, 3.0, 4.0, 5.0, 8.0)",100.0,100,1,5000
78,1.0,0.1,0.09617674092677578,0.8882899196938323,0.10827179144386227,150,"(50, 50, 50)",0.3,0.02,"(0.0, 0.5, 1.0, 2.0, 3.0, 4.0, 5.0, 8.0)",100.0,100,1,5000
78,2.0,0.1,0.04463810916913289,0.952738497737429,0.046852425167178434,150,"(50, 50, 50)",0.3,0.02,"(0.0, 0.5, 1.0, 2.0, 3.0, 4.0, 5.0, 8.0)",100.0,100,1,5000
78,3.0,0.1,0.018294813934148984,0.9813619017784166,0.018642270400955306,150,"(50, 50, 50)",0.3,0.02,"(0.0, 0.5, 1.0, 2.0, 3.0, 4.0, 5.0, 8.0)",100.0,100,1,5000
78,4.0,0.1,0.030173105308848647,0.9695428789631338,0.03112096015920092,150,"(50, 50, 50)",0.3,0.02,"(0.0, 0.5, 1.0, 2.0, 3.0, 4.0, 5.0, 8.0)",100.0,100,1,5000
78,5.0,0.1,0.11821401729016717,0.881152218290063,0.13415845166862278,150,"(50, 50, 50)",0.3,0.02,"(0.0, 0.5, 1.0, 2.0, 3.0, 4.0, 5.0, 8.0)",100.0,100,1,5000
78,8.0,0.1,0.41533182314897116,0.5844187823001599,0.7106750086201971,150,"(50, 50, 50)",0.3,0.02,"(0.0, 0.5, 1.0, 2.0, 3.0, 4.0, 5.0, 8.0)",100.0,100,1,5000
79,0.0,0.1,0.2666666666666646,0.6666666666666613,0.40000000000000013,150,"(50, 50, 50)",0.3,0.02,"(0.0, 0.5, 1.0, 2.0, 3.0, 4.0, 5.0, 8.0)",100.0,100,1,5000
79,0.5,0.1,0.33314956665237094,0.5906979719468437,0.5639930767907745,150,"(50, 50, 50)",0.3,0.02,"(0.0, 0.5, 1.0, 2.0, 3.0, 4.0, 5.0, 8.0)",100.0,100,1,5000
79,1.0,0.1,0.3356664130408014,0.5937535037474925,0.5653295701368213,150,"(50, 50, 50)",0.3,0.02,"(0.0, 0.5, 1.0, 2.0, 3.0, 4.0, 5.0, 8.0)",100.0,100,1,5000
79,2.0,0.1,0.4301228259000998,0.4968744181939441,0.8656570154356603,150,"(50, 50, 50)",0.3,0.02,"(0.0, 0.5, 1.0, 2.0, 3.0, 4.0, 5.0, 8.0)",100.0,100,1,5000
79,3.0,0.1,0.6171503386082826,0.3245433489041786,1.9015960138825592,150,"(50, 50, 50)",0.3,0.02,"(0.0, 0.5, 1.0, 2.0, 3.0, 4.0, 5.0, 8.0)",100.0,100,1,5000
79,4.0,0.1,0.7493718208209963,0.20974191293292974,3.572828197960733,150,"(50, 50, 50)",0.3,0.02,"(0.0, 0.5, 1.0, 2.0, 3.0, 4.0, 5.0, 8.0)",100.0,100,1,5000
79,5.0,0.1,0.8109641699312187,0.1624223366454133,4.992935003155674,150,"(50, 50, 50)",0.3,0.02,"(0.0, 0.5, 1.0, 2.0, 3.0, 4.0, 5.0, 8.0)",100.0,100,1,5000
79,8.0,0.1,0.859909690689098,0.13391009806260482,6.421544776160782,150,"(50, 50, 50)",0.3,0.02,"(0.0, 0.5, 1.0, 2.0, 3.0, 4.0, 5.0, 8.0)",100.0,100,1,5000
80,0.0,0.1,0.266666666666675,0.6666666666666873,0.40000000000000013,150,"(50, 50, 50)",0.3,0.02,"(0.0, 0.5, 1.0, 2.0, 3.0, 4.0, 5.0, 8.0)",100.0,100,1,5000
80,0.5,0.1,0.2167963835675748,0.6513468420358105,0.3328432251087133,150,"(50, 50, 50)",0.3,0.02,"(0.0, 0.5, 1.0, 2.0, 3.0, 4.0, 5.0, 8.0)",100.0,100,1,5000
80,1.0,0.1,0.20380989500275373,0.6648222968279394,0.306562965735641,150,"(50, 50, 50)",0.3,0.02,"(0.0, 0.5, 1.0, 2.0, 3.0, 4.0, 5.0, 8.0)",100.0,100,1,5000
80,2.0,0.1,0.24994704245870453,0.6174338561075441,0.40481590049893373,150,"(50, 50, 50)",0.3,0.02,"(0.0, 0.5, 1.0, 2.0, 3.0, 4.0, 5.0, 8.0)",100.0,100,1,5000
80,3.0,0.1,0.3056844725872931,0.5730967688312727,0.5333906753839868,150,"(50, 50, 50)",0.3,0.02,"(0.0, 0.5, 1.0, 2.0, 3.0, 4.0, 5.0, 8.0)",100.0,100,1,5000
80,4.0,0.1,0.3119739185024221,0.5967914552000333,0.5227519861152408,150,"(50, 50, 50)",0.3,0.02,"(0.0, 0.5, 1.0, 2.0, 3.0, 4.0, 5.0, 8.0)",100.0,100,1,5000
80,5.0,0.1,0.3127162102229587,0.6243108513836562,0.5008982456894474,150,"(50, 50, 50)",0.3,0.02,"(0.0, 0.5, 1.0, 2.0, 3.0, 4.0, 5.0, 8.0)",100.0,100,1,5000
80,8.0,0.1,0.318995990160493,0.6562868441117974,0.48606183869526504,150,"(50, 50, 50)",0.3,0.02,"(0.0, 0.5, 1.0, 2.0, 3.0, 4.0, 5.0, 8.0)",100.0,100,1,5000
81,0.0,0.1,0.2666666666666716,0.666666666666679,0.4,150,"(50, 50, 50)",0.3,0.02,"(0.0, 0.5, 1.0, 2.0, 3.0, 4.0, 5.0, 8.0)",100.0,100,1,5000
81,0.5,0.1,0.2536573452265185,0.6396583606919674,0.3965512855207864,150,"(50, 50, 50)",0.3,0.02,"(0.0, 0.5, 1.0, 2.0, 3.0, 4.0, 5.0, 8.0)",100.0,100,1,5000
81,1.0,0.1,0.2588676153694409,0.6458072579281863,0.4008434593936183,150,"(50, 50, 50)",0.3,0.02,"(0.0, 0.5, 1.0, 2.0, 3.0, 4.0, 5.0, 8.0)",100.0,100,1,5000
81,2.0,0.1,0.2476267156510743,0.7041995812682802,0.3516428044519605,150,"(50, 50, 50)",0.3,0.02,"(0.0, 0.5, 1.0, 2.0, 3.0, 4.0, 5.0, 8.0)",100.0,100,1,5000
81,3.0,0.1,0.25102413635804594,0.7328438766590889,0.3425342618709219,150,"(50, 50, 50)",0.3,0.02,"(0.0, 0.5, 1.0, 2.0, 3.0, 4.0, 5.0, 8.0)",100.0,100,1,5000
81,4.0,0.1,0.237696528158922,0.7575701095910085,0.3137617563703086,150,"(50, 50, 50)",0.3,0.02,"(0.0, 0.5, 1.0, 2.0, 3.0, 4.0, 5.0, 8.0)",100.0,100,1,5000
81,5.0,0.1,0.2089035335730645,0.7897296100440919,0.264525390609833,150,"(50, 50, 50)",0.3,0.02,"(0.0, 0.5, 1.0, 2.0, 3.0, 4.0, 5.0, 8.0)",100.0,100,1,5000
81,8.0,0.1,0.15265641719767067,0.8473087417894207,0.18016622474032015,150,"(50, 50, 50)",0.3,0.02,"(0.0, 0.5, 1.0, 2.0, 3.0, 4.0, 5.0, 8.0)",100.0,100,1,5000
82,0.0,0.1,0.26666666666666305,0.6666666666666576,0.4,150,"(50, 50, 50)",0.3,0.02,"(0.0, 0.5, 1.0, 2.0, 3.0, 4.0, 5.0, 8.0)",100.0,100,1,5000
82,0.5,0.1,0.3025980584224026,0.6864660677328239,0.440805558564295,150,"(50, 50, 50)",0.3,0.02,"(0.0, 0.5, 1.0, 2.0, 3.0, 4.0, 5.0, 8.0)",100.0,100,1,5000
82,1.0,0.1,0.2792769277762507,0.7196111408122011,0.38809422469618815,150,"(50, 50, 50)",0.3,0.02,"(0.0, 0.5, 1.0, 2.0, 3.0, 4.0, 5.0, 8.0)",100.0,100,1,5000
82,2.0,0.1,0.3988654761087717,0.601121800137435,0.6635352037100947,150,"(50, 50, 50)",0.3,0.02,"(0.0, 0.5, 1.0, 2.0, 3.0, 4.0, 5.0, 8.0)",100.0,100,1,5000
82,3.0,0.1,0.42144910650566986,0.5785507902839808,0.7284565393105801,150,"(50, 50, 50)",0.3,0.02,"(0.0, 0.5, 1.0, 2.0, 3.0, 4.0, 5.0, 8.0)",100.0,100,1,5000
82,4.0,0.1,0.3935108357742162,0.6064891634600117,0.6488340756646709,150,"(50, 50, 50)",0.3,0.02,"(0.0, 0.5, 1.0, 2.0, 3.0, 4.0, 5.0, 8.0)",100.0,100,1,5000
82,5.0,0.1,0.35917248979860317,0.6408275101958489,0.560482320256247,150,"(50, 50, 50)",0.3,0.02,"(0.0, 0.5, 1.0, 2.0, 3.0, 4.0, 5.0, 8.0)",100.0,100,1,5000
82,8.0,0.1,0.27475724080585856,0.7252427591941426,0.37884865077612984,150,"(50, 50, 50)",0.3,0.02,"(0.0, 0.5, 1.0, 2.0, 3.0, 4.0, 5.0, 8.0)",100.0,100,1,5000
83,0.0,0.1,0.26666666666666333,0.6666666666666584,0.39999999999999997,150,"(50, 50, 50)",0.3,0.02,"(0.0, 0.5, 1.0, 2.0, 3.0, 4.0, 5.0, 8.0)",100.0,100,1,5000
83,0.5,0.1,0.2119621577656772,0.7055730774112172,0.3004113458288076,150,"(50, 50, 50)",0.3,0.02,"(0.0, 0.5, 1.0, 2.0, 3.0, 4.0, 5.0, 8.0)",100.0,100,1,5000
83,1.0,0.1,0.22632785223794802,0.7080108742088613,0.3196671978955819,150,"(50, 50, 50)",0.3,0.02,"(0.0, 0.5, 1.0, 2.0, 3.0, 4.0, 5.0, 8.0)",100.0,100,1,5000
83,2.0,0.1,0.27764596165441374,0.6702120304746801,0.41426585771337165,150,"(50, 50, 50)",0.3,0.02,"(0.0, 0.5, 1.0, 2.0, 3.0, 4.0, 5.0, 8.0)",100.0,100,1,5000
83,3.0,0.1,0.32469312575240306,0.5306453345801129,0.6118835022064691,150,"(50, 50, 50)",0.3,0.02,"(0.0, 0.5, 1.0, 2.0, 3.0, 4.0, 5.0, 8.0)",100.0,100,1,5000
83,4.0,0.1,0.31185560100951004,0.49639219540774066,0.6282443678497992,150,"(50, 50, 50)",0.3,0.02,"(0.0, 0.5, 1.0, 2.0, 3.0, 4.0, 5.0, 8.0)",100.0,100,1,5000
83,5.0,0.1,0.2954858371632814,0.4954624139333731,0.596383961434089,150,"(50, 50, 50)",0.3,0.02,"(0.0, 0.5, 1.0, 2.0, 3.0, 4.0, 5.0, 8.0)",100.0,100,1,5000
83,8.0,0.1,0.2621901886672605,0.502606633271385,0.5216608204326854,150,"(50, 50, 50)",0.3,0.02,"(0.0, 0.5, 1.0, 2.0, 3.0, 4.0, 5.0, 8.0)",100.0,100,1,5000
84,0.0,0.1,0.26666666666666705,0.6666666666666679,0.39999999999999986,150,"(50, 50, 50)",0.3,0.02,"(0.0, 0.5, 1.0, 2.0, 3.0, 4.0, 5.0, 8.0)",100.0,100,1,5000
84,0.5,0.1,0.26519829257481986,0.6466131164235476,0.4101344155244578,150,"(50, 50, 50)",0.3,0.02,"(0.0, 0.5, 1.0, 2.0, 3.0, 4.0, 5.0, 8.0)",100.0,100,1,5000
84,1.0,0.1,0.33758733133517566,0.5321046085194859,0.6344379017397912,150,"(50, 50, 50)",0.3,0.02,"(0.0, 0.5, 1.0, 2.0, 3.0, 4.0, 5.0, 8.0)",100.0,100,1,5000
84,2.0,0.1,0.5532279020961378,0.20696656327614432,2.673030335619941,150,"(50, 50, 50)",0.3,0.02,"(0.0, 0.5, 1.0, 2.0, 3.0, 4.0, 5.0, 8.0)",100.0,100,1,5000
84,3.0,0.1,0.560694766751962,0.1679826337504232,3.3378138813146774,150,"(50, 50, 50)",0.3,0.02,"(0.0, 0.5, 1.0, 2.0, 3.0, 4.0, 5.0, 8.0)",100.0,100,1,5000
84,4.0,0.1,0.542993102677307,0.16434056643068484,3.3040722353012537,150,"(50, 50, 50)",0.3,0.02,"(0.0, 0.5, 1.0, 2.0, 3.0, 4.0, 5.0, 8.0)",100.0,100,1,5000
84,5.0,0.1,0.5240138830605825,0.1634677804956837,3.2056095792798684,150,"(50, 50, 50)",0.3,0.02,"(0.0, 0.5, 1.0, 2.0, 3.0, 4.0, 5.0, 8.0)",100.0,100,1,5000
84,8.0,0.1,0.4707957607017352,0.1632963585913139,2.883075683763458,150,"(50, 50, 50)",0.3,0.02,"(0.0, 0.5, 1.0, 2.0, 3.0, 4.0, 5.0, 8.0)",100.0,100,1,5000
85,0.0,0.1,0.2666666666666644,0.666666666666661,0.4,150,"(50, 50, 50)",0.3,0.02,"(0.0, 0.5, 1.0, 2.0, 3.0, 4.0, 5.0, 8.0)",100.0,100,1,5000
85,0.5,0.1,0.5097643222803111,0.391956453856813,1.300563665336494,150,"(50, 50, 50)",0.3,0.02,"(0.0, 0.5, 1.0, 2.0, 3.0, 4.0, 5.0, 8.0)",100.0,100,1,5000
85,1.0,0.1,0.6299858968273409,0.2958270036723013,2.1295753565661637,150,"(50, 50, 50)",0.3,0.02,"(0.0, 0.5, 1.0, 2.0, 3.0, 4.0, 5.0, 8.0)",100.0,100,1,5000
85,2.0,0.1,0.7422746091983625,0.22835584379370802,3.2505172491618746,150,"(50, 50, 50)",0.3,0.02,"(0.0, 0.5, 1.0, 2.0, 3.0, 4.0, 5.0, 8.0)",100.0,100,1,5000
85,3.0,0.1,0.738177620536447,0.2510579015871348,2.9402684236179963,150,"(50, 50, 50)",0.3,0.02,"(0.0, 0.5, 1.0, 2.0, 3.0, 4.0, 5.0, 8.0)",100.0,100,1,5000
85,4.0,0.1,0.7101442599054979,0.285823815438617,2.4845524464633253,150,"(50, 50, 50)",0.3,0.02,"(0.0, 0.5, 1.0, 2.0, 3.0, 4.0, 5.0, 8.0)",100.0,100,1,5000
85,5.0,0.1,0.6781956467968164,0.3202844240023946,2.117479327660798,150,"(50, 50, 50)",0.3,0.02,"(0.0, 0.5, 1.0, 2.0, 3.0, 4.0, 5.0, 8.0)",100.0,100,1,5000
85,8.0,0.1,0.5805408005875989,0.4193809578877408,1.3842803056952269,150,"(50, 50, 50)",0.3,0.02,"(0.0, 0.5, 1.0, 2.0, 3.0, 4.0, 5.0, 8.0)",100.0,100,1,5000
86,0.0,0.1,0.26666666666667094,0.6666666666666776,0.39999999999999986,150,"(50, 50, 50)",0.3,0.02,"(0.0, 0.5, 1.0, 2.0, 3.0, 4.0, 5.0, 8.0)",100.0,100,1,5000
86,0.5,0.1,0.25668498960574726,0.6712472386372146,0.3824000678600578,150,"(50, 50, 50)",0.3,0.02,"(0.0, 0.5, 1.0, 2.0, 3.0, 4.0, 5.0, 8.0)",100.0,100,1,5000
86,1.0,0.1,0.2816708178205085,0.6483075704200334,0.4344709682134611,150,"(50, 50, 50)",0.3,0.02,"(0.0, 0.5, 1.0, 2.0, 3.0, 4.0, 5.0, 8.0)",100.0,100,1,5000
86,2.0,0.1,0.5193371269226021,0.39820572806407384,1.3041930095968823,150,"(50, 50, 50)",0.3,0.02,"(0.0, 0.5, 1.0, 2.0, 3.0, 4.0, 5.0, 8.0)",100.0,100,1,5000
86,3.0,0.1,0.6728774947032354,0.24887302831750563,2.70369794289157,150,"(50, 50, 50)",0.3,0.02,"(0.0, 0.5, 1.0, 2.0, 3.0, 4.0, 5.0, 8.0)",100.0,100,1,5000
86,4.0,0.1,0.7098392707667862,0.23185351689055322,3.0615850916847074,150,"(50, 50, 50)",0.3,0.02,"(0.0, 0.5, 1.0, 2.0, 3.0, 4.0, 5.0, 8.0)",100.0,100,1,5000
86,5.0,0.1,0.7297881709747818,0.2293397256454388,3.182127164933652,150,"(50, 50, 50)",0.3,0.02,"(0.0, 0.5, 1.0, 2.0, 3.0, 4.0, 5.0, 8.0)",100.0,100,1,5000
86,8.0,0.1,0.75997320660947,0.22749331445630772,3.3406397389116687,150,"(50, 50, 50)",0.3,0.02,"(0.0, 0.5, 1.0, 2.0, 3.0, 4.0, 5.0, 8.0)",100.0,100,1,5000
87,0.0,0.1,0.2666666666666658,0.6666666666666643,0.4000000000000001,150,"(50, 50, 50)",0.3,0.02,"(0.0, 0.5, 1.0, 2.0, 3.0, 4.0, 5.0, 8.0)",100.0,100,1,5000
87,0.5,0.1,0.2713232644713417,0.6956054648652665,0.39005338252179333,150,"(50, 50, 50)",0.3,0.02,"(0.0, 0.5, 1.0, 2.0, 3.0, 4.0, 5.0, 8.0)",100.0,100,1,5000
87,1.0,0.1,0.3013310632058276,0.6709862755625357,0.4490867759600601,150,"(50, 50, 50)",0.3,0.02,"(0.0, 0.5, 1.0, 2.0, 3.0, 4.0, 5.0, 8.0)",100.0,100,1,5000
87,2.0,0.1,0.44756520796728805,0.5361869921536087,0.8347185114835237,150,"(50, 50, 50)",0.3,0.02,"(0.0, 0.5, 1.0, 2.0, 3.0, 4.0, 5.0, 8.0)",100.0,100,1,5000
87,3.0,0.1,0.5931997046930464,0.3996282047031222,1.4843789745364082,150,"(50, 50, 50)",0.3,0.02,"(0.0, 0.5, 1.0, 2.0, 3.0, 4.0, 5.0, 8.0)",100.0,100,1,5000
87,4.0,0.1,0.6565403332603832,0.34103923910280853,1.9251166962123816,150,"(50, 50, 50)",0.3,0.02,"(0.0, 0.5, 1.0, 2.0, 3.0, 4.0, 5.0, 8.0)",100.0,100,1,5000
87,5.0,0.1,0.6911357250766315,0.30802379715675987,2.2437737975319414,150,"(50, 50, 50)",0.3,0.02,"(0.0, 0.5, 1.0, 2.0, 3.0, 4.0, 5.0, 8.0)",100.0,100,1,5000
87,8.0,0.1,0.7531025841278746,0.2454681223381016,3.0680260106873267,150,"(50, 50, 50)",0.3,0.02,"(0.0, 0.5, 1.0, 2.0, 3.0, 4.0, 5.0, 8.0)",100.0,100,1,5000
88,0.0,0.1,0.2666666666666657,0.6666666666666641,0.40000000000000013,150,"(50, 50, 50)",0.3,0.02,"(0.0, 0.5, 1.0, 2.0, 3.0, 4.0, 5.0, 8.0)",100.0,100,1,5000
88,0.5,0.1,0.29239440430885466,0.6558624734407403,0.44581664014852895,150,"(50, 50, 50)",0.3,0.02,"(0.0, 0.5, 1.0, 2.0, 3.0, 4.0, 5.0, 8.0)",100.0,100,1,5000
88,1.0,0.1,0.29731951877398,0.6313733571311009,0.4709091940860016,150,"(50, 50, 50)",0.3,0.02,"(0.0, 0.5, 1.0, 2.0, 3.0, 4.0, 5.0, 8.0)",100.0,100,1,5000
88,2.0,0.1,0.32076635754667404,0.572961078181276,0.5598396989981728,150,"(50, 50, 50)",0.3,0.02,"(0.0, 0.5, 1.0, 2.0, 3.0, 4.0, 5.0, 8.0)",100.0,100,1,5000
88,3.0,0.1,0.3233382281641736,0.5530267445897638,0.584670147198806,150,"(50, 50, 50)",0.3,0.02,"(0.0, 0.5, 1.0, 2.0, 3.0, 4.0, 5.0, 8.0)",100.0,100,1,5000
88,4.0,0.1,0.3194843334536323,0.5516676049149343,0.5791246950288045,150,"(50, 50, 50)",0.3,0.02,"(0.0, 0.5, 1.0, 2.0, 3.0, 4.0, 5.0, 8.0)",100.0,100,1,5000
88,5.0,0.1,0.32516885009454033,0.5447627413804641,0.596899944497932,150,"(50, 50, 50)",0.3,0.02,"(0.0, 0.5, 1.0, 2.0, 3.0, 4.0, 5.0, 8.0)",100.0,100,1,5000
88,8.0,0.1,0.38884968473594717,0.48663487005237666,0.7990584083999059,150,"(50, 50, 50)",0.3,0.02,"(0.0, 0.5, 1.0, 2.0, 3.0, 4.0, 5.0, 8.0)",100.0,100,1,5000
89,0.0,0.1,0.26666666666666483,0.6666666666666621,0.4,150,"(50, 50, 50)",0.3,0.02,"(0.0, 0.5, 1.0, 2.0, 3.0, 4.0, 5.0, 8.0)",100.0,100,1,5000
89,0.5,0.1,0.11440766153328874,0.8151974720267262,0.14034349401115156,150,"(50, 50, 50)",0.3,0.02,"(0.0, 0.5, 1.0, 2.0, 3.0, 4.0, 5.0, 8.0)",100.0,100,1,5000
89,1.0,0.1,0.033369993852124274,0.9220220919739458,0.03619218470208546,150,"(50, 50, 50)",0.3,0.02,"(0.0, 0.5, 1.0, 2.0, 3.0, 4.0, 5.0, 8.0)",100.0,100,1,5000
89,2.0,0.1,0.0026082548169436308,0.9821184767498918,0.002655743557106353,150,"(50, 50, 50)",0.3,0.02,"(0.0, 0.5, 1.0, 2.0, 3.0, 4.0, 5.0, 8.0)",100.0,100,1,5000
89,3.0,0.1,0.0042488433121334645,0.86484799778732,0.004912820892230733,150,"(50, 50, 50)",0.3,0.02,"(0.0, 0.5, 1.0, 2.0, 3.0, 4.0, 5.0, 8.0)",100.0,100,1,5000
89,4.0,0.1,0.0034108164620096203,0.5959513525689598,0.005723313567972717,150,"(50, 50, 50)",0.3,0.02,"(0.0, 0.5, 1.0, 2.0, 3.0, 4.0, 5.0, 8.0)",100.0,100,1,5000
89,5.0,0.1,0.0012740899872974232,0.45866937370696487,0.002777796077815771,150,"(50, 50, 50)",0.3,0.02,"(0.0, 0.5, 1.0, 2.0, 3.0, 4.0, 5.0, 8.0)",100.0,100,1,5000
89,8.0,0.1,3.489138618069518e-05,0.37796942094788516,9.231272226518568e-05,150,"(50, 50, 50)",0.3,0.02,"(0.0, 0.5, 1.0, 2.0, 3.0, 4.0, 5.0, 8.0)",100.0,100,1,5000
90,0.0,0.1,0.26666666666665917,0.6666666666666481,0.3999999999999999,150,"(50, 50, 50)",0.3,0.02,"(0.0, 0.5, 1.0, 2.0, 3.0, 4.0, 5.0, 8.0)",100.0,100,1,5000
90,0.5,0.1,0.26168654726448487,0.6547932663369022,0.3996475845398244,150,"(50, 50, 50)",0.3,0.02,"(0.0, 0.5, 1.0, 2.0, 3.0, 4.0, 5.0, 8.0)",100.0,100,1,5000
90,1.0,0.1,0.21459278260422382,0.691510260765128,0.3103247988927679,150,"(50, 50, 50)",0.3,0.02,"(0.0, 0.5, 1.0, 2.0, 3.0, 4.0, 5.0, 8.0)",100.0,100,1,5000
90,2.0,0.1,0.15683000310983108,0.7296321474869361,0.2149439325693076,150,"(50, 50, 50)",0.3,0.02,"(0.0, 0.5, 1.0, 2.0, 3.0, 4.0, 5.0, 8.0)",100.0,100,1,5000
90,3.0,0.1,0.1862129184074646,0.625080669044477,0.29790221907216713,150,"(50, 50, 50)",0.3,0.02,"(0.0, 0.5, 1.0, 2.0, 3.0, 4.0, 5.0, 8.0)",100.0,100,1,5000
90,4.0,0.1,0.2993930022472042,0.5091834237859663,0.5879865452435725,150,"(50, 50, 50)",0.3,0.02,"(0.0, 0.5, 1.0, 2.0, 3.0, 4.0, 5.0, 8.0)",100.0,100,1,5000
90,5.0,0.1,0.3521025332355934,0.41671263386443014,0.8449528634885198,150,"(50, 50, 50)",0.3,0.02,"(0.0, 0.5, 1.0, 2.0, 3.0, 4.0, 5.0, 8.0)",100.0,100,1,5000
90,8.0,0.1,0.43496664906142307,0.20874758826602516,2.083696643752872,150,"(50, 50, 50)",0.3,0.02,"(0.0, 0.5, 1.0, 2.0, 3.0, 4.0, 5.0, 8.0)",100.0,100,1,5000
91,0.0,0.1,0.2666666666666656,0.6666666666666639,0.4000000000000001,150,"(50, 50, 50)",0.3,0.02,"(0.0, 0.5, 1.0, 2.0, 3.0, 4.0, 5.0, 8.0)",100.0,100,1,5000
91,0.5,0.1,0.22278140898522208,0.7100488160368345,0.3137550601502096,150,"(50, 50, 50)",0.3,0.02,"(0.0, 0.5, 1.0, 2.0, 3.0, 4.0, 5.0, 8.0)",100.0,100,1,5000
91,1.0,0.1,0.22725658832807394,0.6971247276215226,0.3259912886800571,150,"(50, 50, 50)",0.3,0.02,"(0.0, 0.5, 1.0, 2.0, 3.0, 4.0, 5.0, 8.0)",100.0,100,1,5000
91,2.0,0.1,0.25347682978208885,0.6458756045623749,0.39245456554104846,150,"(50, 50, 50)",0.3,0.02,"(0.0, 0.5, 1.0, 2.0, 3.0, 4.0, 5.0, 8.0)",100.0,100,1,5000
91,3.0,0.1,0.29423551338215337,0.5891573914538666,0.49941750311587696,150,"(50, 50, 50)",0.3,0.02,"(0.0, 0.5, 1.0, 2.0, 3.0, 4.0, 5.0, 8.0)",100.0,100,1,5000
91,4.0,0.1,0.3001970075656494,0.5960291623365159,0.503661610094439,150,"(50, 50, 50)",0.3,0.02,"(0.0, 0.5, 1.0, 2.0, 3.0, 4.0, 5.0, 8.0)",100.0,100,1,5000
91,5.0,0.1,0.3043117370751182,0.6081184867137195,0.50041520480593,150,"(50, 50, 50)",0.3,0.02,"(0.0, 0.5, 1.0, 2.0, 3.0, 4.0, 5.0, 8.0)",100.0,100,1,5000
91,8.0,0.1,0.30796386788248753,0.5954544143417305,0.5171913423850234,150,"(50, 50, 50)",0.3,0.02,"(0.0, 0.5, 1.0, 2.0, 3.0, 4.0, 5.0, 8.0)",100.0,100,1,5000
92,0.0,0.1,0.2666666666666657,0.6666666666666641,0.40000000000000013,150,"(50, 50, 50)",0.3,0.02,"(0.0, 0.5, 1.0, 2.0, 3.0, 4.0, 5.0, 8.0)",100.0,100,1,5000
92,0.5,0.1,0.46535024487975896,0.48940367651315536,0.9508515510043377,150,"(50, 50, 50)",0.3,0.02,"(0.0, 0.5, 1.0, 2.0, 3.0, 4.0, 5.0, 8.0)",100.0,100,1,5000
92,1.0,0.1,0.5891692672468503,0.38161917725210626,1.5438670338561935,150,"(50, 50, 50)",0.3,0.02,"(0.0, 0.5, 1.0, 2.0, 3.0, 4.0, 5.0, 8.0)",100.0,100,1,5000
92,2.0,0.1,0.7912610393102472,0.1982839160339603,3.990545754476258,150,"(50, 50, 50)",0.3,0.02,"(0.0, 0.5, 1.0, 2.0, 3.0, 4.0, 5.0, 8.0)",100.0,100,1,5000
92,3.0,0.1,0.8729940931407116,0.12422794591671005,7.027356740857809,150,"(50, 50, 50)",0.3,0.02,"(0.0, 0.5, 1.0, 2.0, 3.0, 4.0, 5.0, 8.0)",100.0,100,1,5000
92,4.0,0.1,0.8796719457996331,0.11909404895833431,7.3863635798241365,150,"(50, 50, 50)",0.3,0.02,"(0.0, 0.5, 1.0, 2.0, 3.0, 4.0, 5.0, 8.0)",100.0,100,1,5000
92,5.0,0.1,0.8770957359770246,0.121302411229831,7.230653760997349,150,"(50, 50, 50)",0.3,0.02,"(0.0, 0.5, 1.0, 2.0, 3.0, 4.0, 5.0, 8.0)",100.0,100,1,5000
92,8.0,0.1,0.873200050088302,0.12639549517449916,6.908474458546003,150,"(50, 50, 50)",0.3,0.02,"(0.0, 0.5, 1.0, 2.0, 3.0, 4.0, 5.0, 8.0)",100.0,100,1,5000
93,0.0,0.1,0.2666666666666723,0.6666666666666808,0.39999999999999997,150,"(50, 50, 50)",0.3,0.02,"(0.0, 0.5, 1.0, 2.0, 3.0, 4.0, 5.0, 8.0)",100.0,100,1,5000
93,0.5,0.1,0.23398840823038616,0.712464735376213,0.32842103842070147,150,"(50, 50, 50)",0.3,0.02,"(0.0, 0.5, 1.0, 2.0, 3.0, 4.0, 5.0, 8.0)",100.0,100,1,5000
93,1.0,0.1,0.18470944732614486,0.737780410313741,0.2503582973253481,150,"(50, 50, 50)",0.3,0.02,"(0.0, 0.5, 1.0, 2.0, 3.0, 4.0, 5.0, 8.0)",100.0,100,1,5000
93,2.0,0.1,0.27470281481206593,0.5516192207703888,0.49799355147273017,150,"(50, 50, 50)",0.3,0.02,"(0.0, 0.5, 1.0, 2.0, 3.0, 4.0, 5.0, 8.0)",100.0,100,1,5000
93,3.0,0.1,0.34595714507648023,0.44640281611183863,0.7749887155501424,150,"(50, 50, 50)",0.3,0.02,"(0.0, 0.5, 1.0, 2.0, 3.0, 4.0, 5.0, 8.0)",100.0,100,1,5000
93,4.0,0.1,0.3701039953154425,0.4380791053808021,0.8448337087287651,150,"(50, 50, 50)",0.3,0.02,"(0.0, 0.5, 1.0, 2.0, 3.0, 4.0, 5.0, 8.0)",100.0,100,1,5000
93,5.0,0.1,0.3862923177771089,0.44174698870639095,0.8744650844328895,150,"(50, 50, 50)",0.3,0.02,"(0.0, 0.5, 1.0, 2.0, 3.0, 4.0, 5.0, 8.0)",100.0,100,1,5000
93,8.0,0.1,0.43193313026883146,0.44694542076774574,0.9664113562834434,150,"(50, 50, 50)",0.3,0.02,"(0.0, 0.5, 1.0, 2.0, 3.0, 4.0, 5.0, 8.0)",100.0,100,1,5000
94,0.0,0.1,0.2666666666666715,0.666666666666679,0.39999999999999986,150,"(50, 50, 50)",0.3,0.02,"(0.0, 0.5, 1.0, 2.0, 3.0, 4.0, 5.0, 8.0)",100.0,100,1,5000
94,0.5,0.1,0.25717081224488847,0.7035175982122187,0.36554993492474364,150,"(50, 50, 50)",0.3,0.02,"(0.0, 0.5, 1.0, 2.0, 3.0, 4.0, 5.0, 8.0)",100.0,100,1,5000
94,1.0,0.1,0.2722967946161535,0.7021428201353106,0.3878082731995735,150,"(50, 50, 50)",0.3,0.02,"(0.0, 0.5, 1.0, 2.0, 3.0, 4.0, 5.0, 8.0)",100.0,100,1,5000
94,2.0,0.1,0.38695304714896855,0.6031345195116257,0.6415700554866183,150,"(50, 50, 50)",0.3,0.02,"(0.0, 0.5, 1.0, 2.0, 3.0, 4.0, 5.0, 8.0)",100.0,100,1,5000
94,3.0,0.1,0.47964033681592677,0.5174148953587295,0.926993677836404,150,"(50, 50, 50)",0.3,0.02,"(0.0, 0.5, 1.0, 2.0, 3.0, 4.0, 5.0, 8.0)",100.0,100,1,5000
94,4.0,0.1,0.5058501954176947,0.49333579452842957,1.025366902276425,150,"(50, 50, 50)",0.3,0.02,"(0.0, 0.5, 1.0, 2.0, 3.0, 4.0, 5.0, 8.0)",100.0,100,1,5000
94,5.0,0.1,0.5177398326411984,0.48204217280974715,1.0740550554391854,150,"(50, 50, 50)",0.3,0.02,"(0.0, 0.5, 1.0, 2.0, 3.0, 4.0, 5.0, 8.0)",100.0,100,1,5000
94,8.0,0.1,0.635030012293952,0.3649647782639341,1.739976156917567,150,"(50, 50, 50)",0.3,0.02,"(0.0, 0.5, 1.0, 2.0, 3.0, 4.0, 5.0, 8.0)",100.0,100,1,5000
95,0.0,0.1,0.2666666666666686,0.6666666666666714,0.4000000000000001,150,"(50, 50, 50)",0.3,0.02,"(0.0, 0.5, 1.0, 2.0, 3.0, 4.0, 5.0, 8.0)",100.0,100,1,5000
95,0.5,0.1,0.23419942195515414,0.7467930051806665,0.3136068767790559,150,"(50, 50, 50)",0.3,0.02,"(0.0, 0.5, 1.0, 2.0, 3.0, 4.0, 5.0, 8.0)",100.0,100,1,5000
95,1.0,0.1,0.32199541065118076,0.6744091394610416,0.47744817175595433,150,"(50, 50, 50)",0.3,0.02,"(0.0, 0.5, 1.0, 2.0, 3.0, 4.0, 5.0, 8.0)",100.0,100,1,5000
95,2.0,0.1,0.5948970406912699,0.4049914503812309,1.4689125909479694,150,"(50, 50, 50)",0.3,0.02,"(0.0, 0.5, 1.0, 2.0, 3.0, 4.0, 5.0, 8.0)",100.0,100,1,5000
95,3.0,0.1,0.6083926598950327,0.3916033836619881,1.5535939812516173,150,"(50, 50, 50)",0.3,0.02,"(0.0, 0.5, 1.0, 2.0, 3.0, 4.0, 5.0, 8.0)",100.0,100,1,5000
95,4.0,0.1,0.6176006181976573,0.3823992258514568,1.6150676477508472,150,"(50, 50, 50)",0.3,0.02,"(0.0, 0.5, 1.0, 2.0, 3.0, 4.0, 5.0, 8.0)",100.0,100,1,5000
95,5.0,0.1,0.6244532582085636,0.3755467333923705,1.6627844225079067,150,"(50, 50, 50)",0.3,0.02,"(0.0, 0.5, 1.0, 2.0, 3.0, 4.0, 5.0, 8.0)",100.0,100,1,5000
95,8.0,0.1,0.6362243122192637,0.3637756877792898,1.7489467647031818,150,"(50, 50, 50)",0.3,0.02,"(0.0, 0.5, 1.0, 2.0, 3.0, 4.0, 5.0, 8.0)",100.0,100,1,5000
96,0.0,0.1,0.2666666666666722,0.6666666666666806,0.39999999999999997,150,"(50, 50, 50)",0.3,0.02,"(0.0, 0.5, 1.0, 2.0, 3.0, 4.0, 5.0, 8.0)",100.0,100,1,5000
96,0.5,0.1,0.304559418208103,0.6100146339470193,0.4992657573433795,150,"(50, 50, 50)",0.3,0.02,"(0.0, 0.5, 1.0, 2.0, 3.0, 4.0, 5.0, 8.0)",100.0,100,1,5000
96,1.0,0.1,0.34967260992957805,0.5624278903122737,0.6217198968127831,150,"(50, 50, 50)",0.3,0.02,"(0.0, 0.5, 1.0, 2.0, 3.0, 4.0, 5.0, 8.0)",100.0,100,1,5000
96,2.0,0.1,0.49309736209300137,0.42536852127031516,1.159223913938017,150,"(50, 50, 50)",0.3,0.02,"(0.0, 0.5, 1.0, 2.0, 3.0, 4.0, 5.0, 8.0)",100.0,100,1,5000
96,3.0,0.1,0.6443775576686325,0.2845806747369506,2.264305396929207,150,"(50, 50, 50)",0.3,0.02,"(0.0, 0.5, 1.0, 2.0, 3.0, 4.0, 5.0, 8.0)",100.0,100,1,5000
96,4.0,0.1,0.7057852144499595,0.24415991493069458,2.8906678422225793,150,"(50, 50, 50)",0.3,0.02,"(0.0, 0.5, 1.0, 2.0, 3.0, 4.0, 5.0, 8.0)",100.0,100,1,5000
96,5.0,0.1,0.7406660732897673,0.22710637320531302,3.2613178698432046,150,"(50, 50, 50)",0.3,0.02,"(0.0, 0.5, 1.0, 2.0, 3.0, 4.0, 5.0, 8.0)",100.0,100,1,5000
96,8.0,0.1,0.8303985142177432,0.1625503375769582,5.108562225068265,150,"(50, 50, 50)",0.3,0.02,"(0.0, 0.5, 1.0, 2.0, 3.0, 4.0, 5.0, 8.0)",100.0,100,1,5000
97,0.0,0.1,0.2666666666666657,0.666666666666664,0.4000000000000002,150,"(50, 50, 50)",0.3,0.02,"(0.0, 0.5, 1.0, 2.0, 3.0, 4.0, 5.0, 8.0)",100.0,100,1,5000
97,0.5,0.1,0.41319979655737704,0.5334609731551025,0.7745642462157024,150,"(50, 50, 50)",0.3,0.02,"(0.0, 0.5, 1.0, 2.0, 3.0, 4.0, 5.0, 8.0)",100.0,100,1,5000
97,1.0,0.1,0.5622842800957064,0.40332875228958753,1.3941090906705054,150,"(50, 50, 50)",0.3,0.02,"(0.0, 0.5, 1.0, 2.0, 3.0, 4.0, 5.0, 8.0)",100.0,100,1,5000
97,2.0,0.1,0.8791468256822823,0.11069931263908007,7.941755054510772,150,"(50, 50, 50)",0.3,0.02,"(0.0, 0.5, 1.0, 2.0, 3.0, 4.0, 5.0, 8.0)",100.0,100,1,5000
97,3.0,0.1,0.88929500987217,0.10889008773380879,8.166905072628175,150,"(50, 50, 50)",0.3,0.02,"(0.0, 0.5, 1.0, 2.0, 3.0, 4.0, 5.0, 8.0)",100.0,100,1,5000
97,4.0,0.1,0.8668089841635561,0.1328423238371164,6.525096513866977,150,"(50, 50, 50)",0.3,0.02,"(0.0, 0.5, 1.0, 2.0, 3.0, 4.0, 5.0, 8.0)",100.0,100,1,5000
97,5.0,0.1,0.8583556667094232,0.14157201630070476,6.0630320111161,150,"(50, 50, 50)",0.3,0.02,"(0.0, 0.5, 1.0, 2.0, 3.0, 4.0, 5.0, 8.0)",100.0,100,1,5000
97,8.0,0.1,0.855295900093702,0.14470305507675169,5.91069690712505,150,"(50, 50, 50)",0.3,0.02,"(0.0, 0.5, 1.0, 2.0, 3.0, 4.0, 5.0, 8.0)",100.0,100,1,5000
98,0.0,0.1,0.26666666666666444,0.6666666666666611,0.4,150,"(50, 50, 50)",0.3,0.02,"(0.0, 0.5, 1.0, 2.0, 3.0, 4.0, 5.0, 8.0)",100.0,100,1,5000
98,0.5,0.1,0.21899319009214094,0.6066189341594614,0.3610061898176333,150,"(50, 50, 50)",0.3,0.02,"(0.0, 0.5, 1.0, 2.0, 3.0, 4.0, 5.0, 8.0)",100.0,100,1,5000
98,1.0,0.1,0.21531629465583213,0.5073162478857041,0.42442223278514407,150,"(50, 50, 50)",0.3,0.02,"(0.0, 0.5, 1.0, 2.0, 3.0, 4.0, 5.0, 8.0)",100.0,100,1,5000
98,2.0,0.1,0.20702479483432074,0.2423692860931224,0.8541709148525457,150,"(50, 50, 50)",0.3,0.02,"(0.0, 0.5, 1.0, 2.0, 3.0, 4.0, 5.0, 8.0)",100.0,100,1,5000
98,3.0,0.1,0.16211864783287883,0.15635919099206258,1.0368347828117672,150,"(50, 50, 50)",0.3,0.02,"(0.0, 0.5, 1.0, 2.0, 3.0, 4.0, 5.0, 8.0)",100.0,100,1,5000
98,4.0,0.1,0.15088406667915064,0.12735283306016926,1.1847719681890687,150,"(50, 50, 50)",0.3,0.02,"(0.0, 0.5, 1.0, 2.0, 3.0, 4.0, 5.0, 8.0)",100.0,100,1,5000
98,5.0,0.1,0.13980740679052295,0.1164244566190879,1.20084225299791,150,"(50, 50, 50)",0.3,0.02,"(0.0, 0.5, 1.0, 2.0, 3.0, 4.0, 5.0, 8.0)",100.0,100,1,5000
98,8.0,0.1,0.11098525754491888,0.11337292366314371,0.9789397146948497,150,"(50, 50, 50)",0.3,0.02,"(0.0, 0.5, 1.0, 2.0, 3.0, 4.0, 5.0, 8.0)",100.0,100,1,5000
99,0.0,0.1,0.26666666666666494,0.6666666666666624,0.39999999999999997,150,"(50, 50, 50)",0.3,0.02,"(0.0, 0.5, 1.0, 2.0, 3.0, 4.0, 5.0, 8.0)",100.0,100,1,5000
99,0.5,0.1,0.21413168257202764,0.7505768407795512,0.28528948794853554,150,"(50, 50, 50)",0.3,0.02,"(0.0, 0.5, 1.0, 2.0, 3.0, 4.0, 5.0, 8.0)",100.0,100,1,5000
99,1.0,0.1,0.1779217902586338,0.8025511985025283,0.22169525207938903,150,"(50, 50, 50)",0.3,0.02,"(0.0, 0.5, 1.0, 2.0, 3.0, 4.0, 5.0, 8.0)",100.0,100,1,5000
99,2.0,0.1,0.5866998244360284,0.3669708588092828,1.5987640717295761,150,"(50, 50, 50)",0.3,0.02,"(0.0, 0.5, 1.0, 2.0, 3.0, 4.0, 5.0, 8.0)",100.0,100,1,5000
99,3.0,0.1,0.7563875407902186,0.2172242350817045,3.482058714607598,150,"(50, 50, 50)",0.3,0.02,"(0.0, 0.5, 1.0, 2.0, 3.0, 4.0, 5.0, 8.0)",100.0,100,1,5000
99,4.0,0.1,0.7966245773568332,0.19243961315833458,4.13960807903615,150,"(50, 50, 50)",0.3,0.02,"(0.0, 0.5, 1.0, 2.0, 3.0, 4.0, 5.0, 8.0)",100.0,100,1,5000
99,5.0,0.1,0.8117363859732349,0.18392833607571146,4.413329687488149,150,"(50, 50, 50)",0.3,0.02,"(0.0, 0.5, 1.0, 2.0, 3.0, 4.0, 5.0, 8.0)",100.0,100,1,5000
99,8.0,0.1,0.8421835941785027,0.1575547513309723,5.345339236449579,150,"(50, 50, 50)",0.3,0.02,"(0.0, 0.5, 1.0, 2.0, 3.0, 4.0, 5.0, 8.0)",100.0,100,1,5000
