{
  "generated_utc": "2026-01-26T16:24:32.094265+00:00",
  "config": {
    "p_transport_grid": [
      0.0,
      0.05,
      0.1,
      0.15,
      0.2,
      0.25,
      0.3,
      0.35,
      0.4,
      0.45,
      0.5,
      0.55,
      0.6,
      0.65,
      0.7,
      0.75,
      0.8,
      0.85,
      0.9,
      0.95,
      1.0
    ],
    "modular_cost_grid": [
      0.0,
      0.005,
      0.01,
      0.015,
      0.02,
      0.025,
      0.03,
      0.035,
      0.04,
      0.045,
      0.05,
      0.055,
      0.06,
      0.065,
      0.07,
      0.075,
      0.08,
      0.085,
      0.09,
      0.095,
      0.1,
      0.105,
      0.11,
      0.115,
      0.12,
      0.125,
      0.13,
      0.135,
      0.14,
      0.145,
      0.15,
      0.155,
      0.16,
      0.165,
      0.17,
      0.175,
      0.18,
      0.185,
      0.19,
      0.195,
      0.2
    ],
    "demo_p_transport": 0.5,
    "demo_modular_cost": 0.05,
    "demo_generations": 200,
    "demo_beta": 6.0,
    "demo_mu": 0.01,
    "dpi": 200
  },
  "noise_grid": [
    0.01,
    0.05,
    0.1,
    0.2,
    0.5,
    1.0,
    2.0,
    5.0,
    10.0
  ],
  "notes": [
    "This step is an architecture-level evolutionary pressure model, not a claim about a specific substrate.",
    "Transport performance proxy is normalized Liouvillian gap from Step 3 (R12-CROWN gap sweep).",
    "Memory performance proxy is bounded recall fraction from the Step 3 recurrent-microcircuit sweep.",
    "Modularity cost represents extra regulation/gating complexity; selection favors modularity when both tasks matter and cost is not too high."
  ],
  "demo_top3_strategies_at_equilibrium": [
    "M(0.5,0.01)",
    "M(0.5,0.05)",
    "M(1,0.01)"
  ],
  "demo_equilibrium_modular_mass": 0.9985968628821983,
  "demo_equilibrium_global_mass": 0.0014031371178016112
}